Signal_ID,Date,Time,Timestamp,Signal,Prediction,Confidence,Confidence_Bucket,Spot,Strike,OptionType,Target_Nifty,SL_Nifty,Prob_Down,Prob_Side,Prob_Up,XGB_Down,XGB_Side,XGB_Up,LSTM_Down,LSTM_Side,LSTM_Up,Models_Agree,PCR,Equity_Ret,OI_Support,OI_Resistance,Dir_Score,Dir_Verdict,RSI_5m,ADX_5m,MACD_Hist_5m,EMA_Spread,Volatility,Prev_Signal,Signal_Duration_Min,Outcome,Actual_Move_5m,Actual_Move_15m,Actual_Move_30m,Max_Favorable,Max_Adverse,Time_To_Result_Min
1,2026-03-17,09:10:14,2026-03-17T09:10:14.168771,BUY CE,UP,42.6,LOW,23493.2,23550,CE,23594.0,23443.0,16.7,40.7,42.6,14.1,39.7,46.2,20.5,42.3,37.2,NO,1.02,0.041,23000,24000,21.2,BULLISH,70.3,35.9,-1.3,0.2474,0.215,,5.0,EXPIRED,-0.108,,,0,25.4,5.0
2,2026-03-17,09:15:13,2026-03-17T09:15:13.831950,BUY CE,UP,44.1,LOW,23467.8,23500,CE,23567.0,23418.0,17.6,38.3,44.1,15.5,35.5,48.9,20.7,42.4,36.8,NO,1.02,0.097,23000,24000,20.8,BULLISH,68.6,35.7,-2.921,0.2358,0.21,BUY CE,0.4,EXPIRED,,,,0,46.2,0.4
3,2026-03-17,09:15:39,2026-03-17T09:15:39.421680,BUY CE,UP,52.2,MED,23421.55,23400,CE,23516.0,23375.0,14.8,32.9,52.2,10.1,26.6,63.3,21.9,42.4,35.7,NO,1.02,0.025,23000,24000,20.8,BULLISH,64.8,35.1,-5.872,0.2148,0.201,BUY CE,18716.5,SL_HIT,-3.723,-3.723,-3.723,0,871.9,18716.5
4,2026-03-30,09:12:07,2026-03-30T09:12:07.813795,BUY PE,DOWN,61.2,HIGH,22549.65,22550,PE,22472.0,22589.0,61.2,21.3,17.5,74.3,11.4,14.3,41.4,36.2,22.4,YES,0.88,-0.783,22000,23000,-27.5,BEARISH,11.9,39.6,-17.819,-0.2475,0.172,BUY CE,14.0,EXPIRED,-0.041,-0.041,,9.2,0,14.0
5,2026-03-30,09:26:06,2026-03-30T09:26:06.531799,BUY CE,UP,43.3,LOW,22540.4,22600,CE,22621.0,22500.0,36.9,19.8,43.3,37.0,12.7,50.3,36.7,30.5,32.8,NO,1.0,-0.676,22500,23000,-9.6,MILDLY BEARISH,15.1,48.3,-33.032,-0.4472,0.179,BUY PE,3.4,EXPIRED,,,,9.3,0,3.4
6,2026-03-30,09:29:31,2026-03-30T09:29:31.003908,BUY CE,UP,59.4,HIGH,22549.7,22550,CE,22633.0,22508.0,24.4,16.2,59.4,17.0,7.7,75.3,35.4,29.0,35.6,YES,1.05,-0.497,22500,23000,1.9,SIDEWAYS / NEUTRAL,17.3,48.2,-32.585,-0.4439,0.185,BUY CE,0.4,EXPIRED,,,,33.2,0,0.4
7,2026-03-30,09:29:57,2026-03-30T09:29:57.319049,BUY CE,UP,59.4,HIGH,22582.9,22600,CE,22667.0,22541.0,23.6,17.0,59.4,13.0,11.7,75.3,39.5,24.9,35.6,NO,1.05,-0.497,22500,23000,1.9,SIDEWAYS / NEUTRAL,23.4,47.3,-29.595,-0.419,0.187,BUY CE,0.6,EXPIRED,,,,13.4,0,0.6
8,2026-03-30,09:30:35,2026-03-30T09:30:35.093293,BUY CE,UP,45.9,MED,22596.3,22600,CE,22682.0,22553.0,27.8,26.4,45.9,21.1,26.3,52.6,37.7,26.5,35.8,NO,1.05,-0.487,22500,23000,1.9,SIDEWAYS / NEUTRAL,25.4,45.9,-27.714,-0.4027,0.191,BUY CE,1.4,EXPIRED,,,,17.0,0,1.4
9,2026-03-30,09:31:57,2026-03-30T09:31:57.594623,BUY CE,UP,55.0,HIGH,22613.3,22600,CE,22699.0,22570.0,21.2,23.7,55.0,14.0,20.3,65.7,32.1,28.9,39.0,YES,1.08,-0.438,22500,23000,3.9,SIDEWAYS / NEUTRAL,29.0,46.5,-23.804,-0.402,0.191,BUY CE,38.4,EXPIRED,-0.075,-0.075,-0.075,0,16.9,38.4
10,2026-03-30,10:10:18,2026-03-30T10:10:18.545856,BUY PE,DOWN,38.5,LOW,22596.4,22550,PE,22502.0,22643.0,38.5,24.9,36.6,33.9,17.8,48.3,45.3,35.5,19.2,NO,1.22,-0.109,22500,23000,10.9,MILDLY BULLISH,33.7,37.4,-1.202,-0.2762,0.207,BUY CE,0.5,EXPIRED,,,,-0.0,0.0,0.5
11,2026-03-30,10:10:50,2026-03-30T10:10:50.850548,BUY CE,UP,38.6,LOW,22596.4,22650,CE,22690.0,22549.0,37.0,24.4,38.6,31.5,17.0,51.5,45.3,35.5,19.2,NO,1.22,-0.13,22500,23000,10.3,MILDLY BULLISH,33.7,37.4,-1.202,-0.2762,0.207,BUY PE,0.5,EXPIRED,,,,0,10.5,0.5
12,2026-03-30,10:11:21,2026-03-30T10:11:21.651066,BUY PE,DOWN,45.9,MED,22585.9,22600,PE,22491.0,22633.0,45.9,26.4,27.7,44.8,22.1,33.1,47.6,32.8,19.6,YES,1.23,-0.054,22500,23000,10.3,MILDLY BULLISH,32.8,37.5,-1.872,-0.2814,0.21,BUY CE,0.6,EXPIRED,,,,3.4,0,0.6
13,2026-03-30,10:11:55,2026-03-30T10:11:55.344619,BUY PE,DOWN,40.9,LOW,22582.5,22550,PE,22492.0,22628.0,40.9,26.3,32.8,39.6,18.0,42.4,42.9,38.8,18.3,NO,1.23,-0.064,22500,23000,10.3,MILDLY BULLISH,32.6,37.1,-1.546,-0.2803,0.202,BUY PE,0.4,EXPIRED,,,,7.9,0,0.4
14,2026-03-30,10:12:18,2026-03-30T10:12:18.483446,BUY PE,DOWN,36.0,LOW,22574.6,22500,PE,22482.0,22621.0,36.0,31.2,32.8,40.2,23.5,36.3,29.9,42.6,27.5,NO,1.23,-0.064,22500,23000,10.3,MILDLY BULLISH,32.8,37.4,-2.689,-0.2903,0.206,BUY PE,1.6,EXPIRED,,,,13.6,0,1.6
15,2026-03-30,10:13:52,2026-03-30T10:13:52.881755,BUY PE,DOWN,45.6,MED,22561.0,22550,PE,22468.0,22608.0,45.6,25.3,29.0,43.6,20.3,36.0,48.6,32.9,18.5,YES,1.23,-0.124,22500,23000,8.9,MILDLY BULLISH,31.0,37.4,-3.361,-0.2952,0.206,BUY PE,0.4,EXPIRED,,,,0,20.5,0.4
16,2026-03-30,10:14:18,2026-03-30T10:14:18.447895,NO TRADE,UP,34.8,LOW,22581.45,22600,-,22581.44921875,22581.44921875,33.8,31.4,34.8,36.5,24.9,38.6,29.6,41.1,29.3,NO,1.23,-0.124,22500,23000,8.9,MILDLY BULLISH,33.4,37.5,-2.045,-0.2849,0.208,BUY PE,0.4,NO_TRADE,,,,,,
17,2026-03-30,10:14:59,2026-03-30T10:14:59.800613,BUY CE,UP,51.1,MED,22596.05,22600,CE,22691.0,22549.0,24.4,24.4,51.1,22.0,15.9,62.2,28.1,37.3,34.6,NO,1.23,-0.043,22500,23000,10.1,MILDLY BULLISH,35.7,37.5,-1.114,-0.2777,0.211,NO TRADE,1.1,EXPIRED,,,,0,16.9,1.1
18,2026-03-30,10:16:02,2026-03-30T10:16:02.013946,BUY PE,DOWN,42.2,LOW,22579.15,22550,PE,22485.0,22626.0,42.2,28.0,29.8,37.3,25.7,37.0,49.4,31.4,19.2,YES,1.23,-0.044,22500,23000,10.6,MILDLY BULLISH,32.2,37.5,-1.245,-0.2772,0.209,BUY CE,2.0,EXPIRED,,,,15.4,0,2.0
19,2026-03-30,10:18:02,2026-03-30T10:18:02.046593,BUY PE,DOWN,44.9,LOW,22563.75,22500,PE,22472.0,22610.0,44.9,25.4,29.7,41.3,21.4,37.3,50.3,31.3,18.4,YES,1.18,-0.083,22500,23000,1.7,SIDEWAYS / NEUTRAL,31.0,37.2,-1.684,-0.2815,0.205,BUY PE,1.0,EXPIRED,,,,9.0,0,1.0
20,2026-03-30,10:19:02,2026-03-30T10:19:02.085589,BUY PE,DOWN,47.7,MED,22554.8,22550,PE,22462.0,22601.0,47.7,26.5,25.8,46.0,23.0,31.0,50.1,31.7,18.1,YES,1.18,-0.1,22500,23000,2.0,SIDEWAYS / NEUTRAL,30.3,37.2,-2.699,-0.2901,0.206,BUY PE,1.0,EXPIRED,,,,0,0.8,1.0
21,2026-03-30,10:20:01,2026-03-30T10:20:01.758016,BUY PE,DOWN,44.7,LOW,22555.6,22500,PE,22463.0,22602.0,44.7,27.6,27.7,45.4,21.1,33.4,43.6,37.2,19.2,YES,1.16,-0.092,22500,23000,1.7,SIDEWAYS / NEUTRAL,30.5,37.1,-2.984,-0.2929,0.206,BUY PE,3.0,EXPIRED,,,,5.9,0,3.0
22,2026-03-30,10:23:00,2026-03-30T10:23:00.300241,BUY PE,DOWN,48.6,MED,22549.7,22550,PE,22459.0,22595.0,48.6,24.5,27.0,46.9,19.7,33.3,51.0,31.6,17.4,YES,1.15,-0.12,22500,23000,1.1,SIDEWAYS / NEUTRAL,30.2,36.9,-2.512,-0.2914,0.201,BUY PE,1.0,EXPIRED,,,,8.4,0,1.0
23,2026-03-30,10:23:59,2026-03-30T10:23:59.538680,BUY PE,DOWN,44.8,LOW,22541.35,22500,PE,22450.0,22587.0,44.8,24.5,30.7,41.3,19.3,39.4,50.1,32.3,17.6,YES,1.15,-0.141,22500,23000,0.8,SIDEWAYS / NEUTRAL,29.3,37.0,-3.454,-0.2994,0.201,BUY PE,4.0,EXPIRED,0.003,,,0,0.7,4.0
24,2026-03-30,10:27:59,2026-03-30T10:27:59.866417,BUY PE,DOWN,45.3,MED,22542.05,22550,PE,22453.0,22587.0,45.3,20.9,33.8,41.8,13.7,44.5,50.6,31.8,17.7,NO,1.12,-0.235,22500,23000,1.1,SIDEWAYS / NEUTRAL,30.1,37.0,-2.334,-0.2937,0.198,BUY PE,1.1,EXPIRED,,,,0,0.5,1.1
25,2026-03-30,10:29:02,2026-03-30T10:29:02.386697,BUY PE,DOWN,42.7,LOW,22542.55,22500,PE,22455.0,22587.0,42.7,23.1,34.2,41.1,13.8,45.1,45.2,37.0,17.8,NO,1.1,-0.233,22500,23000,0.9,SIDEWAYS / NEUTRAL,29.5,37.0,-2.615,-0.2964,0.196,BUY PE,5.0,EXPIRED,-0.092,,,20.7,0,5.0
26,2026-03-30,10:34:02,2026-03-30T10:34:02.231707,BUY PE,DOWN,39.4,LOW,22521.85,22450,PE,22436.0,22565.0,39.4,25.3,35.4,33.7,18.9,47.4,47.9,34.9,17.2,NO,1.09,-0.166,22500,23000,0.2,SIDEWAYS / NEUTRAL,27.8,37.3,-3.315,-0.306,0.192,BUY PE,1.0,EXPIRED,,,,0,6.5,1.0
27,2026-03-30,10:35:00,2026-03-30T10:35:00.381326,BUY CE,UP,40.2,LOW,22528.3,22600,CE,22615.0,22485.0,31.1,28.7,40.2,29.6,19.7,50.6,33.2,42.2,24.6,NO,1.08,-0.142,22500,23000,0.5,SIDEWAYS / NEUTRAL,29.2,37.4,-3.068,-0.3043,0.194,BUY PE,1.0,EXPIRED,,,,9.0,0,1.0
28,2026-03-30,10:36:01,2026-03-30T10:36:01.758258,BUY PE,DOWN,36.2,LOW,22537.3,22500,PE,22450.0,22581.0,36.2,29.7,34.1,38.7,22.1,39.2,32.5,41.2,26.3,NO,1.08,-0.111,22500,23000,1.1,SIDEWAYS / NEUTRAL,30.1,37.4,-2.211,-0.2972,0.194,BUY CE,3.0,EXPIRED,,,,0,8.9,3.0
29,2026-03-30,10:38:59,2026-03-30T10:38:59.745572,BUY CE,UP,46.1,MED,22546.2,22550,CE,22632.0,22503.0,30.1,23.7,46.1,32.4,13.2,54.4,26.7,39.5,33.8,NO,1.05,-0.076,22500,23000,2.2,SIDEWAYS / NEUTRAL,32.3,37.2,-0.25,-0.2846,0.19,BUY PE,1.0,EXPIRED,,,,0,8.8,1.0
30,2026-03-30,10:39:59,2026-03-30T10:39:59.900494,BUY PE,DOWN,45.5,MED,22537.4,22550,PE,22452.0,22580.0,45.5,21.9,32.5,42.5,14.6,42.9,50.1,32.9,17.0,NO,1.05,-0.106,22500,23000,1.8,SIDEWAYS / NEUTRAL,31.0,37.1,-0.131,-0.2825,0.189,BUY CE,1.0,EXPIRED,,,,0,10.4,1.0
31,2026-03-30,10:40:59,2026-03-30T10:40:59.754532,BUY CE,UP,41.1,LOW,22547.8,22600,CE,22633.0,22505.0,33.6,25.3,41.1,36.1,13.9,50.0,30.0,42.3,27.7,NO,1.04,-0.087,22500,23000,2.3,SIDEWAYS / NEUTRAL,32.3,37.0,0.241,-0.2801,0.189,BUY PE,1.0,EXPIRED,,,,0,21.3,1.0
32,2026-03-30,10:41:59,2026-03-30T10:41:59.735791,BUY PE,DOWN,38.5,LOW,22526.45,22500,PE,22442.0,22568.0,38.5,26.7,34.8,31.1,22.7,46.2,49.5,32.7,17.8,NO,1.04,-0.06,22500,23000,1.9,SIDEWAYS / NEUTRAL,30.1,36.7,1.002,-0.2739,0.187,BUY CE,2.1,EXPIRED,,,,12.7,0,2.1
33,2026-03-30,10:44:03,2026-03-30T10:44:03.962136,BUY PE,DOWN,42.9,LOW,22513.8,22450,PE,22430.0,22556.0,42.9,23.6,33.4,38.2,17.7,44.1,50.0,32.5,17.5,NO,1.03,-0.092,22500,23000,1.0,SIDEWAYS / NEUTRAL,28.1,36.7,-0.552,-0.2872,0.188,BUY PE,3.0,EXPIRED,,,,0,5.2,3.0
34,2026-03-30,10:47:04,2026-03-30T10:47:04.239858,NO TRADE,SIDEWAYS,37.6,LOW,22519.05,22500,-,22519.05078125,22519.05078125,30.4,37.6,32.0,30.3,33.3,36.4,30.5,44.0,25.5,NO,1.02,-0.014,22500,23000,1.5,SIDEWAYS / NEUTRAL,29.5,37.2,0.584,-0.2799,0.18,BUY PE,3.0,NO_TRADE,,,,,,
35,2026-03-30,10:48:00,2026-03-30T10:48:00.252730,NO TRADE,SIDEWAYS,35.9,LOW,22529.2,22550,-,22529.19921875,22529.19921875,28.9,35.9,35.3,30.2,31.0,38.8,26.8,43.2,30.0,NO,1.02,0.003,22500,23000,2.2,SIDEWAYS / NEUTRAL,31.5,37.1,1.425,-0.273,0.183,NO TRADE,0.9,NO_TRADE,,,,,,
36,2026-03-30,10:48:59,2026-03-30T10:48:59.703586,BUY PE,DOWN,38.0,LOW,22527.75,22500,PE,22446.0,22569.0,38.0,31.8,30.1,34.2,27.3,38.5,43.8,38.7,17.5,NO,1.02,0.005,22500,23000,2.9,SIDEWAYS / NEUTRAL,31.3,37.3,1.767,-0.2697,0.183,NO TRADE,2.1,EXPIRED,,,,0,9.0,2.1
37,2026-03-30,10:51:02,2026-03-30T10:51:02.125922,NO TRADE,SIDEWAYS,37.2,LOW,22536.7,22550,-,22536.69921875,22536.69921875,31.5,37.2,31.3,34.1,33.0,33.0,27.6,43.6,28.8,NO,1.01,0.029,22500,23000,3.0,SIDEWAYS / NEUTRAL,33.0,37.3,2.234,-0.2662,0.185,BUY PE,2.0,NO_TRADE,,,,,,
38,2026-03-30,10:52:03,2026-03-30T10:52:03.824086,BUY PE,DOWN,39.0,LOW,22517.8,22450,PE,22438.0,22558.0,39.0,33.1,27.9,39.4,27.0,33.6,38.4,42.2,19.4,NO,1.01,-0.026,22500,23000,2.6,SIDEWAYS / NEUTRAL,30.0,37.2,2.366,-0.2639,0.179,NO TRADE,3.1,EXPIRED,,,,25.1,0,3.1
39,2026-03-30,10:55:11,2026-03-30T10:55:11.299804,NO TRADE,DOWN,34.3,LOW,22492.7,22500,-,22492.69921875,22492.69921875,34.3,32.7,33.0,30.2,27.3,42.5,40.5,40.8,18.7,NO,1.02,-0.085,22500,23000,0.3,SIDEWAYS / NEUTRAL,27.9,37.9,-0.129,-0.2848,0.184,BUY PE,3.1,NO_TRADE,,,,,,
40,2026-03-30,10:56:15,2026-03-30T10:56:15.518733,BUY CE,UP,36.2,LOW,22483.25,22550,CE,22563.0,22443.0,34.0,29.8,36.2,29.7,22.5,47.8,40.5,40.7,18.8,NO,1.01,-0.131,22500,23000,0.1,SIDEWAYS / NEUTRAL,27.1,38.5,-0.09,-0.2849,0.178,NO TRADE,0.9,EXPIRED,,,,30.3,0,0.9
41,2026-03-30,10:57:10,2026-03-30T10:57:10.586273,NO TRADE,UP,34.4,LOW,22513.55,22500,-,22513.55078125,22513.55078125,33.0,32.6,34.4,28.1,27.4,44.6,40.4,40.4,19.2,NO,1.01,-0.053,22500,23000,2.7,SIDEWAYS / NEUTRAL,32.3,38.6,2.94,-0.2595,0.183,BUY CE,0.9,NO_TRADE,,,,,,
42,2026-03-30,11:00:02,2026-03-30T11:00:02.415215,BUY PE,DOWN,38.9,LOW,22491.35,22450,PE,22406.0,22534.0,38.9,34.4,26.7,31.7,35.6,32.7,49.7,32.6,17.7,NO,0.97,-0.083,22500,23000,-7.0,MILDLY BEARISH,29.6,38.6,1.314,-0.2725,0.189,NO TRADE,1.0,EXPIRED,,,,0,2.2,1.0
43,2026-03-30,11:01:00,2026-03-30T11:01:00.020993,NO TRADE,SIDEWAYS,36.2,LOW,22493.6,22500,-,22493.599609375,22493.599609375,31.1,36.2,32.6,30.9,31.4,37.7,31.5,43.5,25.0,NO,0.97,-0.077,22500,23000,-7.0,MILDLY BEARISH,28.5,38.6,0.765,-0.2779,0.185,BUY PE,1.0,NO_TRADE,,,,,,
44,2026-03-30,11:03:59,2026-03-30T11:03:59.830502,BUY CE,UP,35.9,LOW,22504.1,22550,CE,22586.0,22463.0,32.2,31.9,35.9,38.5,24.6,36.9,22.8,42.8,34.4,NO,0.96,-0.049,22500,23000,-5.3,MILDLY BEARISH,31.1,38.8,2.604,-0.2628,0.182,NO TRADE,1.0,EXPIRED,,,,0,0.3,1.0
45,2026-03-30,11:05:01,2026-03-30T11:05:01.758218,BUY PE,DOWN,42.7,LOW,22503.8,22450,PE,22423.0,22544.0,42.7,25.9,31.4,42.4,17.4,40.2,43.1,38.7,18.2,YES,0.96,-0.063,22500,23000,-5.3,MILDLY BEARISH,31.1,39.0,3.182,-0.2573,0.181,BUY CE,2.0,EXPIRED,,,,0,1.1,2.0
46,2026-03-30,11:07:00,2026-03-30T11:07:00.860017,NO TRADE,SIDEWAYS,36.2,LOW,22504.9,22500,-,22504.900390625,22504.900390625,32.2,36.2,31.7,32.5,31.8,35.7,31.6,42.7,25.7,NO,0.96,-0.031,22500,23000,-4.7,SIDEWAYS / NEUTRAL,31.4,39.4,4.62,-0.2431,0.174,BUY PE,2.0,NO_TRADE,,,,,,
47,2026-03-30,11:08:00,2026-03-30T11:08:00.472420,BUY PE,DOWN,41.2,LOW,22500.35,22450,PE,22421.0,22540.0,41.2,31.9,26.8,38.8,28.5,32.7,44.8,37.1,18.1,YES,0.96,-0.029,22500,23000,-5.3,MILDLY BEARISH,30.5,39.4,4.451,-0.2443,0.175,NO TRADE,3.0,EXPIRED,,,,25.1,0,3.0
48,2026-03-30,11:11:01,2026-03-30T11:11:01.832714,NO TRADE,SIDEWAYS,38.0,LOW,22475.2,22500,-,22475.19921875,22475.19921875,32.2,38.0,29.8,31.5,35.5,33.0,33.2,41.8,25.0,YES,0.96,-0.107,22500,23000,-6.6,MILDLY BEARISH,28.5,39.8,1.647,-0.268,0.18,BUY PE,3.0,NO_TRADE,,,,,,
49,2026-03-30,11:11:59,2026-03-30T11:11:59.826123,BUY PE,DOWN,43.2,LOW,22461.25,22400,PE,22381.0,22501.0,43.2,26.1,30.6,38.9,21.8,39.4,49.7,32.7,17.6,NO,0.96,-0.185,22500,23000,-7.4,MILDLY BEARISH,27.0,40.7,1.644,-0.2663,0.177,NO TRADE,2.1,EXPIRED,,,,0,19.4,2.1
50,2026-03-30,11:14:04,2026-03-30T11:14:04.467690,BUY CE,UP,41.4,LOW,22480.65,22550,CE,22562.0,22440.0,25.2,33.3,41.4,26.1,29.7,44.2,24.0,38.8,37.3,NO,0.91,-0.119,22000,23000,-16.5,BEARISH,32.0,40.6,2.245,-0.2626,0.181,BUY PE,0.9,EXPIRED,,,,0,5.7,0.9
51,2026-03-30,11:15:00,2026-03-30T11:15:00.048291,BUY PE,DOWN,39.1,LOW,22475.0,22450,PE,22395.0,22515.0,39.1,30.1,30.8,33.4,27.0,39.5,47.5,34.8,17.7,NO,0.91,-0.123,22000,23000,-17.3,BEARISH,29.2,40.8,2.768,-0.2571,0.178,BUY CE,1.0,EXPIRED,,,,5.5,0,1.0
52,2026-03-30,11:16:01,2026-03-30T11:16:01.863064,BUY PE,DOWN,41.7,LOW,22469.5,22400,PE,22390.0,22510.0,41.7,27.6,30.7,36.5,24.0,39.5,49.6,33.0,17.5,NO,0.91,-0.142,22000,23000,-16.7,BEARISH,28.4,40.8,2.331,-0.2607,0.179,BUY PE,1.0,EXPIRED,,,,0,12.5,1.0
53,2026-03-30,11:17:01,2026-03-30T11:17:01.142816,BUY CE,UP,38.8,LOW,22482.05,22550,CE,22560.0,22443.0,28.3,32.9,38.8,31.1,28.2,40.8,24.1,40.1,35.8,NO,0.89,-0.052,22000,23000,-24.0,BEARISH,31.7,41.5,3.905,-0.246,0.174,BUY PE,1.0,EXPIRED,,,,0,7.5,1.0
54,2026-03-30,11:18:00,2026-03-30T11:18:00.031745,BUY PE,DOWN,40.3,LOW,22474.5,22400,PE,22396.0,22514.0,40.3,28.9,30.8,36.2,24.5,39.3,46.3,35.6,18.1,NO,0.89,-0.075,22000,23000,-24.3,BEARISH,29.3,41.4,3.913,-0.2451,0.173,BUY CE,1.0,EXPIRED,,,,0,3.5,1.0
55,2026-03-30,11:19:00,2026-03-30T11:19:00.213177,NO TRADE,DOWN,34.8,LOW,22478.0,22500,-,22478.0,22478.0,34.8,31.4,33.8,37.5,25.5,37.0,30.6,40.3,29.0,NO,0.89,-0.071,22000,23000,-24.4,BEARISH,29.9,41.4,3.87,-0.2459,0.172,BUY PE,1.0,NO_TRADE,,,,,,
56,2026-03-30,11:20:05,2026-03-30T11:20:05.215616,BUY PE,DOWN,36.4,LOW,22480.45,22450,PE,22403.0,22519.0,36.4,30.8,32.8,38.3,24.7,37.0,33.5,40.0,26.5,NO,0.89,-0.069,22000,23000,-24.3,BEARISH,29.8,41.4,4.177,-0.2432,0.172,NO TRADE,0.9,EXPIRED,,,,9.2,0,0.9
57,2026-03-30,11:21:00,2026-03-30T11:21:00.206152,BUY PE,DOWN,43.7,LOW,22471.2,22400,PE,22393.0,22510.0,43.7,27.3,29.0,40.2,23.0,36.8,49.0,33.7,17.4,YES,0.89,-0.106,22000,23000,-24.9,BEARISH,28.9,41.4,3.697,-0.2468,0.174,BUY PE,0.6,EXPIRED,,,,0,12.6,0.6
58,2026-03-30,11:21:38,2026-03-30T11:21:38.742724,NO TRADE,SIDEWAYS,39.0,LOW,22483.8,22500,-,22483.80078125,22483.80078125,26.6,39.0,34.5,26.5,39.3,34.2,26.7,38.4,34.9,YES,0.89,-0.103,22000,23000,-24.9,BEARISH,32.3,41.9,5.318,-0.2303,0.168,BUY PE,0.6,NO_TRADE,,,,,,
59,2026-03-30,11:22:21,2026-03-30T11:22:21.805669,BUY PE,DOWN,40.1,LOW,22475.45,22450,PE,22399.0,22513.0,40.1,32.1,27.9,36.1,29.6,34.3,46.0,35.8,18.2,YES,0.89,-0.126,22000,23000,-24.5,BEARISH,29.5,41.7,5.235,-0.2302,0.168,NO TRADE,1.6,EXPIRED,,,,1.6,0,1.6
60,2026-03-30,11:23:59,2026-03-30T11:23:59.916504,BUY PE,DOWN,39.4,LOW,22473.85,22400,PE,22398.0,22512.0,39.4,33.2,27.3,36.0,30.8,33.2,44.6,36.8,18.5,YES,0.89,-0.116,22000,23000,-24.5,BEARISH,29.1,41.7,5.018,-0.2321,0.168,BUY PE,1.0,EXPIRED,,,,0,8.4,1.0
61,2026-03-30,11:25:00,2026-03-30T11:25:00.298197,NO TRADE,SIDEWAYS,37.9,LOW,22482.25,22500,-,22482.25,22482.25,29.1,37.9,33.0,30.0,36.8,33.2,27.8,39.5,32.7,YES,0.89,-0.069,22000,23000,-22.7,BEARISH,31.5,41.7,5.306,-0.2302,0.169,BUY PE,1.0,NO_TRADE,,,,,,
62,2026-03-30,11:27:00,2026-03-30T11:27:00.522062,BUY PE,DOWN,39.7,LOW,22475.0,22450,PE,22402.0,22512.0,39.7,31.8,28.5,36.1,28.6,35.3,45.0,36.7,18.3,YES,0.89,-0.101,22000,23000,-23.5,BEARISH,29.6,42.1,6.357,-0.2156,0.162,NO TRADE,1.0,EXPIRED,,,,1.6,0,1.0
63,2026-03-30,11:27:59,2026-03-30T11:27:59.869691,BUY PE,DOWN,35.5,LOW,22473.4,22400,PE,22400.0,22510.0,35.5,34.9,29.7,33.5,30.9,35.6,38.4,40.9,20.7,NO,0.89,-0.103,22000,23000,-24.1,BEARISH,29.2,42.0,5.893,-0.2198,0.163,BUY PE,3.0,EXPIRED,,,,5.7,0,3.0
64,2026-03-30,11:31:00,2026-03-30T11:31:00.236755,NO TRADE,UP,34.4,LOW,22467.75,22450,-,22467.75,22467.75,34.0,31.6,34.4,31.2,25.4,43.5,38.3,41.0,20.7,NO,0.89,-0.141,22000,23000,-24.8,BEARISH,28.6,42.2,5.31,-0.2247,0.163,BUY PE,3.0,NO_TRADE,,,,,,
65,2026-03-30,11:32:05,2026-03-30T11:32:05.541081,BUY CE,UP,41.8,LOW,22488.4,22550,CE,22561.0,22452.0,21.2,37.0,41.8,16.1,37.4,46.5,29.0,36.4,34.6,NO,0.88,-0.005,22000,23000,-21.5,BEARISH,34.5,41.9,7.313,-0.2036,0.162,NO TRADE,0.9,EXPIRED,,,,1.8,0,0.9
66,2026-03-30,11:32:59,2026-03-30T11:32:59.733708,NO TRADE,SIDEWAYS,36.3,LOW,22490.2,22500,-,22490.19921875,22490.19921875,30.8,36.3,32.9,27.5,34.0,38.5,35.6,39.8,24.5,NO,0.88,-0.011,22000,23000,-21.5,BEARISH,34.5,42.8,8.191,-0.1955,0.162,BUY CE,0.9,NO_TRADE,,,,,,
67,2026-03-30,11:35:59,2026-03-30T11:35:59.845642,BUY CE,UP,45.2,MED,22518.0,22500,CE,22594.0,22480.0,18.0,36.7,45.2,9.3,37.0,53.7,31.1,36.4,32.5,NO,0.88,0.058,22000,23000,-20.0,BEARISH,40.9,40.4,10.527,-0.1765,0.168,NO TRADE,1.0,EXPIRED,,,,0,10.8,1.0
68,2026-03-30,11:37:01,2026-03-30T11:37:01.074845,BUY CE,UP,39.8,LOW,22507.25,22550,CE,22581.0,22470.0,28.6,31.6,39.8,18.8,27.3,53.9,43.3,38.1,18.6,NO,0.88,0.029,22000,23000,-20.4,BEARISH,39.2,39.0,11.691,-0.1568,0.164,BUY CE,1.0,EXPIRED,,,,26.0,0,1.0
69,2026-03-30,11:38:02,2026-03-30T11:38:02.224545,BUY CE,UP,41.7,LOW,22533.2,22600,CE,22607.0,22496.0,23.1,35.1,41.7,15.0,31.0,54.0,35.3,41.3,23.4,NO,0.88,0.101,22000,23000,-17.6,BEARISH,44.0,38.3,13.918,-0.1387,0.163,BUY CE,2.0,EXPIRED,,,,0,21.4,2.0
70,2026-03-30,11:40:02,2026-03-30T11:40:02.434473,BUY CE,UP,38.9,LOW,22511.85,22550,CE,22588.0,22474.0,26.2,34.9,38.9,13.0,34.1,52.9,45.9,36.2,17.9,NO,0.88,0.053,22000,23000,-19.1,BEARISH,40.7,38.2,12.53,-0.1494,0.168,BUY CE,6.0,SL_HIT,-0.173,,,0,38.9,6.0
71,2026-03-30,11:46:00,2026-03-30T11:46:00.485093,BUY CE,UP,39.3,LOW,22472.95,22500,CE,22548.0,22435.0,33.5,27.2,39.3,25.9,20.8,53.3,45.0,36.8,18.2,NO,0.91,-0.071,22500,23000,-15.5,BEARISH,34.5,37.9,9.424,-0.1637,0.166,BUY CE,1.0,EXPIRED,,,,0,5.9,1.0
72,2026-03-30,11:47:01,2026-03-30T11:47:01.511014,BUY PE,DOWN,41.1,LOW,22467.1,22400,PE,22395.0,22503.0,41.1,29.9,29.0,42.4,22.3,35.3,39.1,41.4,19.5,NO,0.91,-0.097,22500,23000,-15.9,BEARISH,33.7,37.4,8.507,-0.1611,0.159,BUY CE,5.0,EXPIRED,-0.012,,,2.6,0,5.0
73,2026-03-30,11:52:00,2026-03-30T11:52:00.196361,BUY CE,UP,37.1,LOW,22464.5,22500,CE,22534.0,22430.0,31.1,31.8,37.1,28.9,25.8,45.3,34.3,40.8,24.8,NO,0.9,-0.081,22000,23000,-16.1,BEARISH,34.0,37.5,7.518,-0.1612,0.155,BUY PE,1.1,EXPIRED,,,,0,2.2,1.1
74,2026-03-30,11:53:03,2026-03-30T11:53:03.644415,NO TRADE,SIDEWAYS,36.4,LOW,22462.25,22450,-,22462.25,22462.25,33.8,36.4,29.7,31.8,32.6,35.5,36.8,42.1,21.1,NO,0.89,-0.077,22000,23000,-24.1,BEARISH,33.2,37.5,7.449,-0.1616,0.155,BUY CE,1.1,NO_TRADE,,,,,,
75,2026-03-30,11:55:00,2026-03-30T11:55:00.303875,BUY CE,UP,43.9,LOW,22478.65,22550,CE,22551.0,22443.0,22.2,33.9,43.9,17.0,31.7,51.3,30.1,37.3,32.6,NO,0.89,-0.032,22000,23000,-22.3,BEARISH,37.6,37.1,8.379,-0.1546,0.159,NO TRADE,2.0,EXPIRED,,,,0,7.4,2.0
76,2026-03-30,11:57:00,2026-03-30T11:57:00.213160,BUY CE,UP,44.3,LOW,22471.3,22500,CE,22541.0,22436.0,33.0,22.7,44.3,26.3,12.3,61.4,43.0,38.2,18.7,NO,0.88,-0.128,22000,23000,-22.9,BEARISH,36.4,37.1,8.944,-0.1394,0.155,BUY CE,1.1,EXPIRED,,,,4.0,0,1.1
77,2026-03-30,11:58:04,2026-03-30T11:58:04.169742,BUY CE,UP,46.4,MED,22475.25,22500,CE,22545.0,22440.0,30.8,22.8,46.4,26.7,10.0,63.2,36.8,42.0,21.1,NO,0.88,-0.114,22000,23000,-21.7,BEARISH,36.4,36.7,8.822,-0.141,0.155,BUY CE,6.0,TARGET_HIT,0.323,,,72.5,0,6.0
78,2026-03-30,12:04:02,2026-03-30T12:04:02.725206,NO TRADE,SIDEWAYS,43.1,LOW,22547.8,22550,-,22547.80078125,22547.80078125,30.4,43.1,26.4,26.3,48.9,24.8,36.7,34.4,28.8,NO,0.87,0.036,22000,23000,-14.5,MILDLY BEARISH,51.1,32.6,15.668,-0.0751,0.161,BUY CE,6.0,NO_TRADE,,,,,,
79,2026-03-30,12:06:01,2026-03-30T12:06:01.687499,BUY CE,UP,44.3,LOW,22569.85,22600,CE,22646.0,22532.0,24.7,31.0,44.3,17.2,28.5,54.3,35.8,34.9,29.3,NO,0.87,0.106,22000,23000,-12.1,MILDLY BEARISH,54.4,32.9,17.72,-0.0584,0.168,NO TRADE,1.0,EXPIRED,,,,0,7.3,1.0
80,2026-03-30,12:07:01,2026-03-30T12:07:01.885012,BUY PE,DOWN,35.4,LOW,22562.5,22500,PE,22488.0,22600.0,35.4,32.0,32.6,32.5,26.2,41.3,39.8,40.8,19.4,NO,0.87,0.205,22000,23000,-12.1,MILDLY BEARISH,53.0,32.2,19.159,-0.0295,0.167,BUY CE,1.1,EXPIRED,,,,0,1.1,1.1
81,2026-03-30,12:08:05,2026-03-30T12:08:05.052391,NO TRADE,DOWN,34.0,LOW,22563.6,22550,-,22563.599609375,22563.599609375,34.0,33.6,32.4,32.7,26.9,40.5,36.0,43.6,20.4,NO,0.93,0.218,22500,23000,4.8,SIDEWAYS / NEUTRAL,53.4,32.2,18.983,-0.0313,0.165,BUY PE,1.1,NO_TRADE,,,,,,
82,2026-03-30,12:08:59,2026-03-30T12:08:59.926128,BUY PE,DOWN,38.9,LOW,22548.4,22500,PE,22472.0,22586.0,38.9,33.9,27.1,36.1,30.8,33.0,43.1,38.6,18.3,YES,0.93,0.179,22500,23000,4.7,SIDEWAYS / NEUTRAL,50.7,32.2,17.933,-0.0394,0.168,NO TRADE,1.0,EXPIRED,,,,0,10.8,1.0
83,2026-03-30,12:10:01,2026-03-30T12:10:01.953960,NO TRADE,SIDEWAYS,36.4,LOW,22559.25,22550,-,22559.25,22559.25,27.9,36.4,35.6,25.5,32.7,41.8,31.6,42.0,26.3,NO,0.93,0.194,22500,23000,4.7,SIDEWAYS / NEUTRAL,52.9,32.2,18.151,-0.0386,0.168,BUY PE,1.0,NO_TRADE,,,,,,
84,2026-03-30,12:12:01,2026-03-30T12:12:01.805538,BUY CE,UP,44.7,LOW,22569.65,22600,CE,22643.0,22533.0,27.6,27.7,44.7,23.2,19.3,57.5,34.0,40.4,25.5,NO,0.98,0.285,22500,23000,5.6,MILDLY BULLISH,54.6,31.1,19.601,-0.0081,0.161,NO TRADE,1.0,EXPIRED,,,,8.3,0,1.0
85,2026-03-30,12:13:00,2026-03-30T12:13:00.240758,BUY CE,UP,41.3,LOW,22577.95,22650,CE,22652.0,22541.0,27.3,31.5,41.3,22.4,25.6,52.0,34.5,40.3,25.2,NO,0.98,0.302,22500,23000,6.5,MILDLY BULLISH,55.9,31.1,20.452,-0.0011,0.163,BUY CE,1.1,EXPIRED,,,,0,16.0,1.1
86,2026-03-30,12:14:05,2026-03-30T12:14:05.170601,NO TRADE,DOWN,34.4,LOW,22561.9,22550,-,22561.900390625,22561.900390625,34.4,32.5,33.2,27.6,29.0,43.4,44.5,37.7,17.8,NO,0.98,0.267,22500,23000,6.0,MILDLY BULLISH,52.7,30.9,19.751,-0.0058,0.166,BUY CE,1.1,NO_TRADE,,,,,,
87,2026-03-30,12:15:01,2026-03-30T12:15:01.863155,BUY CE,UP,35.7,LOW,22567.1,22600,CE,22641.0,22530.0,31.9,32.5,35.7,30.0,25.3,44.8,34.7,43.3,22.0,NO,0.98,0.28,22500,23000,5.9,MILDLY BULLISH,54.1,30.9,19.501,-0.0088,0.164,NO TRADE,1.0,EXPIRED,,,,0,11.3,1.0
88,2026-03-30,12:16:01,2026-03-30T12:16:01.946118,NO TRADE,SIDEWAYS,39.3,LOW,22555.8,22550,-,22555.80078125,22555.80078125,33.5,39.3,27.2,31.4,36.0,32.6,36.7,44.3,19.0,YES,0.98,0.245,22500,23000,5.5,MILDLY BULLISH,51.8,29.8,18.379,0.0024,0.159,BUY CE,1.0,PENDING,,,,,,
