Date,Time,Signal,Prediction,Confidence,Spot,Strike,OptionType,Option_LTP,Target,SL,Prob_Down,Prob_Side,Prob_Up,XGB_Down,XGB_Side,XGB_Up,LSTM_Down,LSTM_Side,LSTM_Up,PCR,Equity_Ret
2026-03-12,09:17:28,BUY PE,DOWN,62.5,23575.7,23600,PE,23494.0,23617.0,62.5,12.9,24.6,80.8,5.5,13.7,34.9,24.1,41.0,0.6,-0.696
2026-03-12,09:17:52,BUY PE,DOWN,65.4,23563.4,23550,PE,23480.0,23605.0,65.4,10.9,23.7,80.2,4.0,15.7,43.2,21.2,35.6,0.6,-0.706
2026-03-12,09:18:21,BUY PE,DOWN,65.4,23563.4,23550,PE,23480.0,23605.0,65.4,10.9,23.7,80.2,4.0,15.7,43.2,21.2,35.6,0.6,-0.706
2026-03-12,09:18:55,BUY PE,DOWN,61.2,23567.25,23550,PE,23484.0,23609.0,61.2,13.4,25.4,79.1,5.3,15.6,34.4,25.6,40.0,0.6,-0.657
2026-03-12,09:19:21,BUY PE,DOWN,61.2,23567.25,23550,PE,23484.0,23609.0,61.2,13.4,25.4,79.1,5.3,15.6,34.4,25.6,40.0,0.6,-0.657
2026-03-12,09:19:52,BUY PE,DOWN,61.1,23565.7,23550,PE,23483.0,23607.0,61.1,12.4,26.5,77.5,5.1,17.4,36.5,23.4,40.1,0.6,-0.621
2026-03-12,09:20:25,BUY PE,DOWN,58.2,23563.45,23550,PE,23480.0,23605.0,58.2,13.7,28.1,73.7,6.7,19.6,34.9,24.1,41.0,0.6,-0.611
2026-03-12,09:20:55,BUY PE,DOWN,57.0,23581.1,23600,PE,23496.0,23624.0,57.0,13.8,29.2,73.0,4.8,22.2,32.9,27.4,39.7,0.6,-0.562
2026-03-12,09:21:21,BUY PE,DOWN,57.0,23581.1,23600,PE,23496.0,23624.0,57.0,13.8,29.2,73.0,4.8,22.2,32.9,27.4,39.7,0.6,-0.562
2026-03-12,09:21:53,BUY PE,DOWN,53.7,23571.05,23550,PE,23487.0,23613.0,53.7,11.2,35.1,59.0,4.5,36.5,45.7,21.2,33.1,0.6,-0.516
2026-03-12,09:22:22,BUY PE,DOWN,53.7,23571.05,23550,PE,23487.0,23613.0,53.7,11.2,35.1,59.0,4.5,36.5,45.7,21.2,33.1,0.6,-0.516
2026-03-12,09:23:18,BUY PE,DOWN,53.5,23566.7,23550,PE,23484.0,23608.0,53.5,11.4,35.2,63.0,4.2,32.8,39.1,22.1,38.7,0.6,-0.533
2026-03-12,09:24:16,BUY PE,DOWN,45.3,23585.3,23600,PE,23502.0,23627.0,45.3,13.1,41.6,51.6,6.6,41.8,35.9,22.9,41.1,0.6,-0.477
2026-03-12,09:25:18,BUY CE,UP,45.0,23602.15,23650,CE,23685.0,23561.0,41.3,13.7,45.0,46.9,6.1,47.1,32.9,25.2,41.9,0.6,-0.447
2026-03-12,09:26:18,BUY CE,UP,54.2,23591.75,23600,CE,23673.0,23551.0,33.8,12.1,54.2,32.1,4.7,63.2,36.3,23.1,40.6,0.62,-0.478
2026-03-12,09:27:18,BUY CE,UP,57.0,23608.55,23600,CE,23690.0,23568.0,29.5,13.5,57.0,28.4,5.4,66.2,31.2,25.7,43.2,0.62,-0.454
2026-03-12,09:28:18,BUY CE,UP,55.8,23595.8,23600,CE,23677.0,23555.0,31.6,12.6,55.8,30.1,5.3,64.6,33.8,23.6,42.6,0.62,-0.483
2026-03-12,09:29:20,BUY CE,UP,52.7,23603.95,23600,CE,23686.0,23563.0,32.9,14.4,52.7,35.9,6.0,58.1,28.3,27.1,44.6,0.64,-0.488
2026-03-12,09:30:18,BUY CE,UP,56.4,23600.05,23600,CE,23681.0,23560.0,31.0,12.5,56.4,28.6,5.7,65.7,34.7,22.8,42.5,0.64,-0.463
2026-03-12,09:31:16,BUY CE,UP,52.1,23603.1,23600,CE,23681.0,23564.0,34.7,13.3,52.1,35.2,6.1,58.7,33.9,24.0,42.0,0.64,-0.391
2026-03-12,09:32:20,BUY CE,UP,54.1,23605.5,23600,CE,23686.0,23566.0,32.5,13.4,54.1,29.0,5.8,65.2,37.7,24.9,37.4,0.65,-0.379
2026-03-12,09:33:16,BUY CE,UP,56.0,23604.2,23600,CE,23684.0,23564.0,30.2,13.7,56.0,27.0,6.3,66.7,35.0,25.0,40.0,0.65,-0.403
2026-03-12,09:34:18,BUY CE,UP,56.1,23602.4,23600,CE,23682.0,23562.0,30.0,13.9,56.1,26.6,6.3,67.1,35.2,25.2,39.6,0.65,-0.402
2026-03-12,09:35:20,BUY CE,UP,53.6,23590.8,23600,CE,23671.0,23551.0,32.9,13.5,53.6,31.5,5.2,63.3,35.0,26.0,39.0,0.65,-0.435
2026-03-12,09:36:16,BUY CE,UP,48.6,23586.6,23600,CE,23665.0,23548.0,36.6,14.9,48.6,37.9,5.4,56.6,34.5,29.0,36.4,0.65,-0.451
2026-03-12,09:37:16,BUY CE,UP,48.5,23586.3,23600,CE,23664.0,23547.0,36.6,14.9,48.5,37.9,5.4,56.6,34.6,29.1,36.3,0.65,-0.457
2026-03-12,09:38:17,BUY CE,UP,49.8,23605.85,23600,CE,23684.0,23567.0,36.1,14.1,49.8,37.2,7.1,55.7,34.4,24.6,41.0,0.66,-0.397
2026-03-12,09:39:16,BUY CE,UP,46.0,23581.9,23600,CE,23661.0,23542.0,38.8,15.2,46.0,39.4,5.7,54.9,37.9,29.4,32.8,0.66,-0.442
2026-03-12,09:40:18,BUY CE,UP,48.0,23572.9,23550,CE,23653.0,23533.0,37.6,14.4,48.0,39.9,5.1,55.0,34.2,28.4,37.5,0.66,-0.442
2026-03-12,09:41:20,BUY PE,DOWN,45.9,23576.25,23600,PE,23499.0,23615.0,45.9,16.2,37.9,53.6,6.8,39.6,34.2,30.3,35.5,0.66,0.064
2026-03-12,09:42:16,BUY PE,DOWN,46.6,23580.5,23600,PE,23504.0,23619.0,46.6,15.8,37.6,55.0,7.0,38.0,34.0,29.1,36.9,0.66,0.074
2026-03-12,09:43:16,BUY PE,DOWN,48.0,23603.05,23600,PE,23524.0,23643.0,48.0,15.4,36.6,56.5,6.1,37.4,35.2,29.5,35.4,0.66,0.129
2026-03-12,09:44:17,BUY PE,DOWN,49.9,23596.1,23600,PE,23517.0,23636.0,49.9,15.6,34.6,60.5,6.3,33.2,34.0,29.4,36.6,0.65,0.129
2026-03-12,09:45:16,BUY PE,DOWN,50.8,23608.15,23600,PE,23528.0,23648.0,50.8,13.8,35.5,62.1,5.6,32.3,33.8,26.1,40.2,0.65,0.159
2026-03-12,09:46:16,BUY PE,DOWN,56.9,23614.85,23600,PE,23538.0,23653.0,56.9,14.0,29.1,70.5,5.6,23.9,36.4,26.7,36.9,0.65,0.071
2026-03-12,09:47:20,BUY PE,DOWN,52.4,23603.1,23600,PE,23526.0,23642.0,52.4,15.1,32.5,64.6,6.6,28.7,34.1,27.8,38.1,0.65,0.018
2026-03-12,09:48:18,BUY PE,DOWN,51.2,23606.1,23600,PE,23528.0,23645.0,51.2,14.6,34.2,64.6,6.5,28.8,31.0,26.7,42.3,0.65,0.021
2026-03-12,09:49:16,BUY PE,DOWN,54.4,23613.8,23600,PE,23536.0,23653.0,54.4,14.1,31.5,67.9,6.1,26.1,34.1,26.2,39.7,0.65,0.041
2026-03-12,09:50:17,BUY PE,DOWN,59.2,23627.35,23650,PE,23549.0,23666.0,59.2,15.0,25.8,74.7,7.9,17.4,35.8,25.7,38.5,0.65,0.067
2026-03-12,09:51:16,BUY PE,DOWN,57.2,23624.05,23600,PE,23548.0,23662.0,57.2,17.5,25.4,71.1,8.4,20.4,36.2,31.1,32.7,0.65,0.07
2026-03-12,09:52:18,BUY PE,DOWN,61.4,23640.15,23650,PE,23564.0,23678.0,61.4,15.9,22.8,78.3,7.6,14.1,35.9,28.3,35.8,0.65,0.104
2026-03-12,09:53:18,BUY PE,DOWN,50.2,23643.4,23650,PE,23566.0,23682.0,50.2,19.2,30.5,59.9,10.6,29.5,35.8,32.2,32.0,0.66,0.113
2026-03-12,09:54:18,BUY PE,DOWN,49.8,23648.2,23650,PE,23571.0,23687.0,49.8,17.9,32.2,59.3,11.2,29.5,35.7,28.0,36.3,0.66,0.131
2026-03-12,09:55:16,BUY PE,DOWN,48.3,23648.75,23650,PE,23570.0,23688.0,48.3,17.1,34.6,57.1,5.9,37.0,35.2,33.8,31.0,0.66,0.154
2026-03-12,09:56:18,BUY PE,DOWN,44.5,23649.4,23600,PE,23574.0,23687.0,44.5,17.5,38.0,51.9,9.0,39.1,33.4,30.2,36.4,0.67,0.178
2026-03-12,09:57:18,BUY CE,UP,45.6,23664.0,23650,CE,23740.0,23626.0,36.1,18.3,45.6,38.9,11.7,49.4,31.8,28.2,39.9,0.67,0.197
2026-03-12,09:58:16,BUY CE,UP,47.5,23674.95,23650,CE,23752.0,23636.0,34.8,17.6,47.5,36.6,10.4,53.0,32.2,28.4,39.4,0.67,0.214
2026-03-12,09:59:20,BUY CE,UP,49.4,23687.3,23700,CE,23765.0,23648.0,31.6,19.0,49.4,31.0,12.5,56.5,32.5,28.8,38.7,0.67,0.238
2026-03-12,10:00:16,BUY CE,UP,54.0,23695.65,23700,CE,23775.0,23656.0,27.1,18.8,54.0,23.2,11.7,65.1,33.0,29.5,37.5,0.67,0.269
2026-03-12,10:01:16,BUY CE,UP,48.2,23671.5,23650,CE,23748.0,23633.0,30.3,21.4,48.2,29.4,11.9,58.7,31.7,35.7,32.6,0.67,0.233
2026-03-12,10:02:19,BUY CE,UP,53.4,23687.8,23700,CE,23767.0,23648.0,26.6,20.0,53.4,23.6,13.4,63.1,31.1,29.9,39.0,0.69,0.273
2026-03-12,10:03:16,BUY CE,UP,48.8,23684.0,23700,CE,23762.0,23645.0,30.8,20.4,48.8,29.9,12.1,58.0,32.2,32.9,34.9,0.69,0.228
2026-03-12,10:04:16,BUY CE,UP,49.5,23683.9,23700,CE,23762.0,23645.0,29.9,20.7,49.5,29.1,14.2,56.7,31.0,30.4,38.6,0.69,0.234
2026-03-12,10:05:20,BUY CE,UP,47.0,23671.0,23650,CE,23749.0,23632.0,33.2,19.8,47.0,33.8,9.4,56.9,32.3,35.4,32.2,0.69,0.2
2026-03-12,10:06:16,BUY CE,UP,43.4,23656.15,23700,CE,23732.0,23618.0,31.3,25.3,43.4,32.0,19.4,48.6,30.1,34.2,35.6,0.69,0.081
2026-03-12,10:07:18,BUY CE,UP,41.4,23647.65,23700,CE,23725.0,23609.0,34.4,24.3,41.4,36.8,16.7,46.4,30.6,35.6,33.8,0.69,0.073
2026-03-12,10:08:17,BUY CE,UP,48.0,23640.0,23650,CE,23718.0,23601.0,30.1,21.8,48.0,30.7,14.0,55.3,29.2,33.6,37.1,0.69,0.041
2026-03-12,10:09:16,BUY CE,UP,45.3,23634.15,23650,CE,23714.0,23594.0,32.0,22.7,45.3,34.1,16.3,49.5,28.7,32.3,39.0,0.69,0.017
2026-03-12,10:10:18,BUY CE,UP,45.9,23641.8,23650,CE,23723.0,23601.0,30.4,23.7,45.9,30.6,18.0,51.4,30.0,32.3,37.6,0.69,0.023
2026-03-12,10:11:22,BUY CE,UP,44.4,23637.3,23700,CE,23716.0,23598.0,35.2,20.4,44.4,39.3,10.8,49.8,29.1,34.8,36.1,0.7,-0.004
2026-03-12,10:12:16,BUY CE,UP,47.2,23633.05,23650,CE,23710.0,23595.0,30.7,22.1,47.2,33.2,13.3,53.5,26.9,35.4,37.7,0.7,-0.002
2026-03-12,10:13:16,BUY CE,UP,42.5,23624.4,23650,CE,23702.0,23585.0,33.0,24.5,42.5,36.3,17.8,45.9,28.0,34.5,37.5,0.7,-0.027
2026-03-12,10:14:18,BUY CE,UP,41.2,23617.2,23650,CE,23696.0,23578.0,34.2,24.6,41.2,38.1,18.2,43.7,28.3,34.3,37.4,0.7,-0.045
2026-03-12,10:15:16,BUY CE,UP,40.9,23610.6,23650,CE,23691.0,23571.0,32.3,26.8,40.9,36.6,21.1,42.3,25.9,35.2,38.9,0.7,-0.053
2026-03-12,10:16:16,BUY CE,UP,43.3,23608.85,23650,CE,23685.0,23571.0,33.7,23.0,43.3,38.4,14.1,47.5,26.7,36.3,37.0,0.7,-0.159
2026-03-12,10:17:18,BUY CE,UP,45.7,23597.65,23600,CE,23675.0,23559.0,30.4,23.9,45.7,32.4,16.8,50.8,27.2,34.7,38.0,0.7,-0.176
2026-03-12,10:18:18,BUY CE,UP,42.2,23593.9,23650,CE,23672.0,23555.0,35.2,22.7,42.2,40.5,14.6,44.9,27.2,34.8,38.1,0.7,-0.191
2026-03-12,10:19:16,BUY CE,UP,41.3,23608.95,23650,CE,23687.0,23570.0,34.3,24.5,41.3,40.3,16.3,43.4,25.2,36.7,38.1,0.7,-0.148
2026-03-12,10:20:17,BUY CE,UP,45.1,23615.4,23600,CE,23693.0,23576.0,31.2,23.7,45.1,35.1,15.1,49.8,25.3,36.7,38.0,0.69,-0.13
2026-03-12,10:21:16,BUY CE,UP,52.1,23617.15,23600,CE,23693.0,23579.0,30.1,17.9,52.1,33.3,6.1,60.6,25.3,35.5,39.3,0.69,-0.206
2026-03-12,10:22:16,BUY CE,UP,54.6,23622.4,23600,CE,23698.0,23584.0,29.1,16.3,54.6,32.1,4.3,63.6,24.6,34.3,41.1,0.69,-0.192
2026-03-12,10:23:20,BUY CE,UP,50.5,23618.65,23600,CE,23695.0,23581.0,31.3,18.2,50.5,35.5,7.0,57.5,24.9,35.1,40.0,0.67,-0.204
2026-03-12,10:24:16,BUY CE,UP,46.7,23611.4,23600,CE,23687.0,23573.0,32.8,20.4,46.7,37.8,10.4,51.7,25.3,35.4,39.2,0.67,-0.219
2026-03-12,10:25:16,BUY CE,UP,50.9,23625.15,23650,CE,23702.0,23587.0,31.1,18.0,50.9,34.2,5.9,59.8,26.3,36.2,37.4,0.67,-0.186
2026-03-12,10:26:16,BUY CE,UP,49.4,23631.7,23650,CE,23707.0,23594.0,33.2,17.3,49.4,38.0,7.8,54.2,26.1,31.7,42.2,0.67,-0.123
2026-03-12,10:27:16,BUY CE,UP,48.5,23677.35,23700,CE,23755.0,23638.0,24.5,27.0,48.5,24.5,21.2,54.3,24.5,35.8,39.7,0.67,0.001
2026-03-12,10:28:16,BUY CE,UP,50.9,23664.45,23650,CE,23743.0,23625.0,24.1,25.0,50.9,23.6,17.6,58.8,24.9,36.2,39.0,0.67,-0.029
2026-03-12,10:29:18,BUY CE,UP,53.1,23659.45,23650,CE,23738.0,23620.0,23.0,23.9,53.1,22.0,15.8,62.2,24.6,36.0,39.4,0.67,-0.05
2026-03-12,10:30:16,BUY CE,UP,54.6,23666.7,23650,CE,23746.0,23627.0,24.0,21.4,54.6,23.7,13.0,63.3,24.4,34.1,41.6,0.67,-0.032
2026-03-12,10:31:17,BUY CE,UP,51.2,23639.3,23650,CE,23716.0,23601.0,26.4,22.4,51.2,27.3,16.3,56.4,25.1,31.6,43.4,0.67,0.053
2026-03-12,10:32:17,BUY CE,UP,50.3,23647.45,23650,CE,23726.0,23608.0,22.5,27.2,50.3,19.6,21.9,58.4,26.9,35.2,38.0,0.67,0.071
2026-03-13,09:10:44,BUY PE,DOWN,44.6,23462.5,23400,PE,23378.0,23504.0,44.6,16.2,39.2,52.3,7.8,39.9,33.1,28.8,38.1,0.7,-0.043
2026-03-13,09:11:26,BUY PE,DOWN,45.4,23462.5,23450,PE,23378.0,23504.0,45.4,15.7,38.9,53.6,6.9,39.5,33.1,28.8,38.1,0.7,-0.039
2026-03-13,09:11:26,BUY PE,DOWN,44.6,23462.5,23400,PE,23378.0,23504.0,44.6,16.2,39.2,52.3,7.8,39.9,33.1,28.8,38.1,0.7,-0.039
2026-03-13,09:11:27,BUY PE,DOWN,44.6,23462.5,23400,PE,23378.0,23504.0,44.6,16.2,39.2,52.3,7.8,39.9,33.1,28.8,38.1,0.7,-0.043
2026-03-13,09:12:20,BUY PE,DOWN,44.6,23462.5,23400,PE,23378.0,23504.0,44.6,16.2,39.2,52.3,7.8,39.9,33.1,28.8,38.1,0.7,-0.043
2026-03-13,09:12:49,BUY PE,DOWN,44.6,23462.5,23400,PE,23378.0,23504.0,44.6,16.2,39.2,52.3,7.8,39.9,33.1,28.8,38.1,0.7,-0.043
2026-03-13,09:13:25,BUY PE,DOWN,44.6,23462.5,23400,PE,23378.0,23504.0,44.6,16.2,39.2,52.3,7.8,39.9,33.1,28.8,38.1,0.7,-0.043
2026-03-13,09:13:49,BUY PE,DOWN,44.6,23462.5,23400,PE,23378.0,23504.0,44.6,16.2,39.2,52.3,7.8,39.9,33.1,28.8,38.1,0.7,-0.043
2026-03-13,09:14:21,BUY PE,DOWN,44.6,23462.5,23400,PE,23378.0,23504.0,44.6,16.2,39.2,52.3,7.8,39.9,33.1,28.8,38.1,0.7,-0.043
2026-03-13,09:14:54,BUY PE,DOWN,44.6,23462.5,23400,PE,23378.0,23504.0,44.6,16.2,39.2,52.3,7.8,39.9,33.1,28.8,38.1,0.7,-0.043
2026-03-13,09:15:18,BUY PE,DOWN,44.6,23462.5,23400,PE,23378.0,23504.0,44.6,16.2,39.2,52.3,7.8,39.9,33.1,28.8,38.1,0.7,-0.043
2026-03-13,09:15:52,BUY PE,DOWN,51.7,23466.55,23450,PE,23384.0,23508.0,51.7,15.2,33.2,64.0,6.0,29.9,33.1,28.8,38.1,0.7,-0.525
2026-03-13,09:16:18,BUY PE,DOWN,54.1,23475.85,23500,PE,23391.0,23518.0,54.1,13.0,32.9,67.9,3.3,28.8,33.3,27.6,39.1,0.7,-0.525
2026-03-13,09:16:51,BUY PE,DOWN,49.7,23475.85,23500,PE,23391.0,23518.0,49.7,13.5,36.8,60.7,4.0,35.3,33.3,27.6,39.1,0.7,-0.628
2026-03-13,09:17:21,BUY PE,DOWN,50.1,23466.05,23450,PE,23381.0,23509.0,50.1,12.9,37.0,61.4,3.1,35.5,33.2,27.6,39.2,0.7,-0.585
2026-03-13,09:17:49,BUY PE,DOWN,52.2,23457.45,23450,PE,23373.0,23499.0,52.2,12.1,35.7,65.0,3.0,32.1,33.0,25.8,41.2,0.7,-0.585
2026-03-13,09:18:20,BUY PE,DOWN,52.2,23457.45,23450,PE,23373.0,23499.0,52.2,12.1,35.7,65.0,3.0,32.1,33.0,25.8,41.2,0.7,-0.581
2026-03-13,09:19:25,BUY PE,DOWN,53.0,23452.5,23450,PE,23368.0,23494.0,53.0,11.2,35.8,64.0,2.8,33.2,36.4,23.9,39.6,0.69,-0.611
2026-03-13,09:20:21,BUY PE,DOWN,55.1,23432.75,23450,PE,23348.0,23475.0,55.1,11.1,33.8,63.2,3.0,33.8,42.9,23.3,33.8,0.69,-0.656
2026-03-13,09:21:22,BUY PE,DOWN,48.5,23418.85,23400,PE,23336.0,23460.0,48.5,13.2,38.3,56.6,4.5,38.9,36.3,26.3,37.5,0.69,-0.507
2026-03-13,09:22:24,BUY PE,DOWN,49.4,23444.4,23450,PE,23361.0,23486.0,49.4,11.7,39.0,56.9,4.0,39.1,38.1,23.2,38.8,0.67,-0.426
2026-03-13,09:23:21,BUY CE,UP,44.6,23426.6,23500,CE,23510.0,23385.0,42.0,13.4,44.6,46.5,5.4,48.1,35.3,25.5,39.2,0.67,-0.467
2026-03-13,09:24:23,BUY CE,UP,43.6,23425.6,23500,CE,23509.0,23384.0,43.3,13.1,43.6,50.0,4.6,45.4,33.3,25.9,40.8,0.67,-0.479
2026-03-13,09:25:29,BUY CE,UP,44.3,23425.2,23500,CE,23508.0,23384.0,42.9,12.8,44.3,45.6,5.0,49.4,38.9,24.5,36.6,0.66,-0.462
2026-03-13,09:26:21,BUY PE,DOWN,46.1,23437.0,23450,PE,23356.0,23478.0,46.1,17.3,36.5,54.5,10.7,34.7,33.5,27.2,39.2,0.66,-0.51
2026-03-13,09:27:21,BUY PE,DOWN,44.9,23445.9,23400,PE,23365.0,23486.0,44.9,16.2,38.8,52.4,9.8,37.8,33.7,25.9,40.3,0.66,-0.495
2026-03-13,09:28:22,BUY PE,DOWN,51.3,23458.55,23450,PE,23376.0,23500.0,51.3,14.7,34.0,61.1,7.0,31.9,36.7,26.1,37.2,0.67,-0.479
2026-03-13,09:29:23,BUY PE,DOWN,47.4,23468.6,23450,PE,23385.0,23511.0,47.4,14.1,38.5,54.6,6.4,39.1,36.7,25.7,37.6,0.67,-0.465
2026-03-13,09:30:21,BUY PE,DOWN,46.3,23469.1,23450,PE,23385.0,23511.0,46.3,13.5,40.3,52.9,5.4,41.7,36.3,25.6,38.1,0.67,-0.457
2026-03-13,09:31:25,BUY CE,UP,49.0,23476.65,23500,CE,23558.0,23436.0,37.4,13.6,49.0,39.1,6.0,55.0,34.8,25.1,40.1,0.67,-0.396
2026-03-13,09:32:21,BUY CE,UP,50.6,23477.4,23500,CE,23561.0,23435.0,35.3,14.1,50.6,31.5,5.1,63.4,41.0,27.6,31.4,0.67,-0.406
2026-03-13,09:33:23,BUY CE,UP,51.9,23474.75,23450,CE,23559.0,23433.0,33.8,14.3,51.9,34.1,7.1,58.8,33.3,25.1,41.6,0.67,-0.404
2026-03-13,09:34:26,BUY PE,DOWN,44.4,23455.55,23400,PE,23372.0,23498.0,44.4,16.1,39.5,48.6,7.2,44.2,38.1,29.4,32.5,0.68,-0.437
2026-03-13,09:35:21,BUY PE,DOWN,43.7,23451.85,23400,PE,23368.0,23494.0,43.7,17.3,39.1,48.8,9.2,42.0,36.1,29.3,34.6,0.68,-0.455
2026-03-13,09:36:21,BUY PE,DOWN,44.9,23447.25,23400,PE,23367.0,23487.0,44.9,20.2,34.9,52.5,13.1,34.4,33.6,30.7,35.7,0.68,-0.428
2026-03-13,09:37:25,BUY PE,DOWN,46.0,23438.65,23450,PE,23358.0,23479.0,46.0,20.8,33.2,54.0,13.0,33.0,34.2,32.5,33.3,0.68,-0.433
2026-03-13,09:38:23,BUY CE,UP,51.1,23465.65,23450,CE,23550.0,23424.0,31.6,17.3,51.1,32.8,11.1,56.1,29.7,26.6,43.7,0.68,-0.373
2026-03-13,09:39:23,BUY PE,DOWN,44.7,23458.1,23400,PE,23374.0,23500.0,44.7,18.1,37.2,51.3,9.5,39.2,34.7,31.0,34.2,0.68,-0.377
2026-03-13,09:40:24,BUY PE,DOWN,45.0,23458.85,23400,PE,23375.0,23501.0,45.0,17.5,37.5,52.6,10.7,36.8,33.5,27.8,38.7,0.68,-0.371
2026-03-13,09:41:21,BUY PE,DOWN,49.9,23450.35,23450,PE,23369.0,23491.0,49.9,23.5,26.7,60.1,14.9,25.1,34.6,36.4,29.1,0.68,0.065
2026-03-13,09:42:23,BUY PE,DOWN,51.1,23449.3,23450,PE,23368.0,23490.0,51.1,21.5,27.4,62.6,13.7,23.7,33.8,33.2,33.0,0.68,0.082
2026-03-13,09:43:23,BUY PE,DOWN,49.5,23440.9,23450,PE,23360.0,23481.0,49.5,23.0,27.5,60.2,15.4,24.4,33.4,34.4,32.2,0.67,0.075
2026-03-13,09:44:21,BUY PE,DOWN,50.9,23441.45,23450,PE,23359.0,23482.0,50.9,21.4,27.7,62.5,13.7,23.8,33.5,33.0,33.5,0.67,0.079
2026-03-13,09:45:21,BUY PE,DOWN,48.5,23424.1,23400,PE,23341.0,23466.0,48.5,25.8,25.7,58.9,20.1,21.1,33.0,34.3,32.7,0.67,0.013
2026-03-13,09:46:22,BUY PE,DOWN,52.5,23415.85,23400,PE,23336.0,23456.0,52.5,21.6,25.9,65.4,12.3,22.3,33.2,35.5,31.2,0.67,-0.01
2026-03-13,09:47:21,BUY PE,DOWN,46.4,23400.3,23400,PE,23319.0,23441.0,46.4,21.9,31.7,55.0,11.6,33.4,33.5,37.3,29.1,0.67,-0.062
2026-03-13,09:48:21,BUY PE,DOWN,46.6,23395.65,23400,PE,23314.0,23437.0,46.6,21.0,32.3,56.1,12.7,31.2,32.4,33.5,34.1,0.67,-0.06
2026-03-13,09:49:23,BUY PE,DOWN,46.3,23410.75,23400,PE,23328.0,23452.0,46.3,23.2,30.6,57.4,19.5,23.1,29.6,28.6,41.8,0.66,-0.014
2026-03-13,09:50:21,BUY PE,DOWN,47.5,23397.85,23400,PE,23316.0,23439.0,47.5,22.0,30.5,57.2,13.9,28.9,32.9,34.1,33.0,0.66,-0.024
2026-03-13,09:51:21,BUY PE,DOWN,43.4,23390.1,23350,PE,23311.0,23430.0,43.4,23.4,33.2,51.0,12.8,36.3,32.0,39.4,28.6,0.66,-0.132
2026-03-13,09:52:21,BUY CE,UP,42.0,23374.1,23400,CE,23455.0,23334.0,35.8,22.2,42.0,37.2,11.8,51.0,33.7,37.8,28.5,0.63,-0.186
2026-03-13,09:53:21,BUY CE,UP,40.2,23380.2,23450,CE,23462.0,23339.0,39.1,20.7,40.2,45.5,14.6,39.9,29.5,29.7,40.8,0.63,-0.161
2026-03-13,09:54:21,BUY CE,UP,43.2,23372.95,23400,CE,23455.0,23332.0,34.5,22.3,43.2,36.4,12.1,51.6,31.7,37.7,30.6,0.63,-0.169
2026-03-13,09:55:25,BUY CE,UP,48.5,23360.35,23350,CE,23442.0,23319.0,29.8,21.7,48.5,29.0,11.0,60.0,31.1,37.6,31.2,0.62,-0.207
2026-03-13,09:56:23,BUY CE,UP,44.4,23366.4,23400,CE,23445.0,23327.0,37.1,18.5,44.4,42.7,12.0,45.3,28.7,28.3,43.0,0.62,-0.171
2026-03-13,09:57:21,BUY CE,UP,44.3,23366.8,23400,CE,23446.0,23327.0,35.8,19.8,44.3,40.6,12.2,47.2,28.7,31.4,40.0,0.62,-0.175
2026-03-13,09:58:21,BUY CE,UP,45.5,23357.9,23350,CE,23438.0,23318.0,32.8,21.7,45.5,33.9,9.6,56.5,31.2,39.7,29.1,0.6,-0.182
2026-03-13,09:59:21,BUY CE,UP,49.0,23349.9,23350,CE,23430.0,23310.0,30.7,20.2,49.0,32.3,13.2,54.5,28.4,30.9,40.7,0.6,-0.197
2026-03-13,10:00:23,BUY CE,UP,48.1,23342.7,23350,CE,23424.0,23302.0,30.4,21.4,48.1,30.3,10.0,59.6,30.6,38.5,30.9,0.6,-0.201
2026-03-13,10:01:24,BUY CE,UP,52.6,23336.4,23350,CE,23414.0,23297.0,31.0,16.4,52.6,33.3,8.0,58.7,27.5,29.0,43.5,0.6,-0.226
2026-03-13,10:02:21,BUY CE,UP,49.4,23345.95,23350,CE,23424.0,23307.0,34.0,16.6,49.4,38.3,8.0,53.7,27.5,29.6,42.9,0.6,-0.199
2026-03-13,10:03:23,BUY CE,UP,42.4,23366.55,23400,CE,23446.0,23327.0,41.4,16.2,42.4,50.7,4.9,44.5,27.6,33.2,39.3,0.6,-0.153
2026-03-13,10:04:23,BUY CE,UP,44.3,23362.45,23400,CE,23442.0,23322.0,37.9,17.8,44.3,44.7,6.2,49.1,27.8,35.1,37.1,0.59,-0.154
2026-03-13,10:05:21,BUY CE,UP,43.0,23357.95,23400,CE,23438.0,23318.0,39.1,17.8,43.0,46.6,6.3,47.1,28.0,35.1,36.9,0.59,-0.148
2026-03-13,10:06:21,BUY CE,UP,41.1,23337.45,23400,CE,23415.0,23298.0,40.5,18.4,41.1,49.3,8.1,42.6,27.4,33.9,38.7,0.59,-0.152
2026-03-13,10:07:26,BUY CE,UP,42.2,23335.45,23400,CE,23415.0,23295.0,41.2,16.6,42.2,50.3,9.8,39.9,27.6,26.8,45.6,0.58,-0.143
2026-03-13,10:08:21,BUY CE,UP,45.0,23341.4,23400,CE,23420.0,23302.0,37.7,17.3,45.0,45.0,8.2,46.8,26.8,31.1,42.1,0.58,-0.141
2026-03-13,10:09:23,BUY PE,DOWN,42.1,23338.9,23300,PE,23260.0,23378.0,42.1,18.1,39.8,52.2,7.6,40.2,27.0,33.9,39.1,0.58,-0.126
2026-03-13,10:10:25,BUY CE,UP,43.5,23335.2,23400,CE,23414.0,23296.0,38.6,17.9,43.5,46.3,8.7,45.0,27.0,31.7,41.3,0.59,-0.144
2026-03-13,10:11:06,BUY PE,DOWN,52.3,23342.2,23350,PE,23266.0,23380.0,52.3,19.4,28.3,68.8,12.7,18.5,27.4,29.6,43.0,0.59,-0.088
2026-03-13,10:11:51,BUY PE,DOWN,48.0,23332.8,23350,PE,23257.0,23371.0,48.0,22.2,29.8,61.0,13.0,25.9,28.4,35.9,35.7,0.59,-0.116
2026-03-13,10:12:21,BUY PE,DOWN,49.4,23328.45,23350,PE,23251.0,23367.0,49.4,20.7,29.9,63.9,12.3,23.8,27.6,33.3,39.1,0.59,-0.127
2026-03-13,10:12:50,BUY PE,DOWN,49.5,23321.85,23300,PE,23245.0,23360.0,49.5,18.8,31.7,63.8,7.9,28.3,28.0,35.2,36.8,0.59,-0.127
2026-03-13,10:13:22,BUY PE,DOWN,46.2,23321.85,23300,PE,23245.0,23360.0,46.2,19.6,34.2,58.3,9.2,32.5,28.0,35.2,36.8,0.58,-0.122
2026-03-13,10:13:49,BUY PE,DOWN,48.2,23328.75,23350,PE,23251.0,23368.0,48.2,18.8,33.1,62.1,12.8,25.1,27.3,27.7,45.0,0.58,-0.098
2026-03-13,10:14:19,BUY PE,DOWN,48.1,23328.75,23350,PE,23251.0,23368.0,48.1,18.7,33.2,62.0,12.6,25.4,27.3,27.7,45.0,0.58,-0.106
2026-03-13,10:14:49,BUY PE,DOWN,45.6,23321.6,23300,PE,23244.0,23361.0,45.6,18.9,35.6,57.7,10.6,31.7,27.4,31.2,41.4,0.58,-0.11
2026-03-13,10:15:18,BUY PE,DOWN,45.6,23321.6,23300,PE,23244.0,23361.0,45.6,18.9,35.6,57.7,10.6,31.7,27.4,31.2,41.4,0.58,-0.11
2026-03-13,10:15:49,BUY PE,DOWN,50.2,23336.7,23350,PE,23258.0,23376.0,50.2,17.2,32.6,66.3,9.1,24.6,26.2,29.2,44.6,0.58,-0.071
2026-03-13,10:16:18,BUY PE,DOWN,50.2,23336.7,23350,PE,23258.0,23376.0,50.2,17.2,32.6,66.3,9.1,24.6,26.2,29.2,44.6,0.57,-0.071
2026-03-13,10:16:49,BUY PE,DOWN,46.4,23324.05,23300,PE,23247.0,23363.0,46.4,24.7,28.9,57.9,19.3,22.8,29.2,32.9,37.9,0.57,-0.022
2026-03-13,10:17:18,BUY PE,DOWN,46.4,23324.05,23300,PE,23247.0,23363.0,46.4,24.7,28.9,57.9,19.3,22.8,29.2,32.9,37.9,0.57,-0.022
2026-03-13,10:17:49,BUY PE,DOWN,50.2,23324.45,23300,PE,23248.0,23362.0,50.2,20.7,29.1,65.2,15.0,19.8,27.8,29.2,43.1,0.57,-0.001
2026-03-13,10:18:18,BUY PE,DOWN,49.1,23321.0,23300,PE,23245.0,23359.0,49.1,21.2,29.7,63.6,16.3,20.0,27.2,28.6,44.3,0.57,-0.005
2026-03-13,10:18:51,BUY PE,DOWN,49.6,23321.0,23300,PE,23245.0,23359.0,49.6,20.5,29.9,64.5,15.1,20.4,27.2,28.6,44.3,0.57,-0.008
2026-03-13,10:19:19,BUY PE,DOWN,51.4,23325.4,23350,PE,23248.0,23364.0,51.4,21.2,27.4,67.2,14.1,18.7,27.6,31.9,40.5,0.57,0.011
2026-03-13,10:19:49,BUY PE,DOWN,50.9,23326.5,23350,PE,23250.0,23365.0,50.9,21.1,28.0,66.5,14.5,19.0,27.6,31.0,41.4,0.57,0.016
2026-03-13,10:20:18,BUY PE,DOWN,50.8,23324.6,23300,PE,23248.0,23363.0,50.8,21.3,27.9,66.5,15.9,17.6,27.2,29.4,43.4,0.57,0.016
2026-03-13,10:20:49,BUY PE,DOWN,50.8,23324.6,23300,PE,23248.0,23363.0,50.8,21.3,27.8,66.6,15.9,17.5,27.2,29.4,43.4,0.57,0.012
2026-03-13,10:21:20,BUY PE,DOWN,47.1,23328.95,23350,PE,23255.0,23366.0,47.1,22.2,30.7,59.3,17.9,22.8,28.7,28.7,42.5,0.57,0.054
2026-03-13,10:21:49,BUY PE,DOWN,51.2,23332.5,23350,PE,23258.0,23370.0,51.2,21.2,27.5,66.2,16.8,17.0,28.7,28.0,43.3,0.57,0.065
2026-03-13,10:22:21,BUY PE,DOWN,47.4,23318.6,23300,PE,23244.0,23356.0,47.4,23.0,29.6,60.3,18.3,21.5,28.1,30.1,41.7,0.57,0.03
2026-03-13,10:22:48,BUY PE,DOWN,47.4,23318.65,23300,PE,23244.0,23356.0,47.4,23.0,29.6,60.3,18.3,21.5,28.1,30.1,41.8,0.57,0.03
2026-03-13,10:23:21,BUY PE,DOWN,49.6,23322.55,23300,PE,23248.0,23360.0,49.6,20.8,29.6,63.7,16.4,19.8,28.5,27.3,44.2,0.57,0.058
2026-03-13,10:23:48,BUY PE,DOWN,49.6,23322.55,23300,PE,23248.0,23360.0,49.6,20.8,29.6,63.7,16.4,19.8,28.5,27.3,44.2,0.57,0.058
2026-03-13,10:24:23,BUY PE,DOWN,50.0,23315.65,23300,PE,23241.0,23353.0,50.0,19.4,30.7,64.3,14.2,21.4,28.4,27.0,44.6,0.57,0.048
2026-03-13,10:24:49,BUY PE,DOWN,47.0,23307.3,23300,PE,23232.0,23345.0,47.0,22.0,30.9,59.9,16.8,23.3,27.7,29.9,42.5,0.57,0.026
2026-03-13,10:25:18,BUY PE,DOWN,47.0,23307.3,23300,PE,23232.0,23345.0,47.0,22.0,30.9,59.9,16.8,23.3,27.7,29.9,42.5,0.57,0.026
2026-03-13,10:25:49,BUY PE,DOWN,48.9,23314.45,23300,PE,23239.0,23352.0,48.9,20.6,30.5,62.9,15.9,21.2,28.0,27.6,44.4,0.57,0.064
2026-03-13,10:26:18,BUY PE,DOWN,48.9,23314.45,23300,PE,23239.0,23352.0,48.9,20.6,30.5,62.9,15.9,21.2,28.0,27.6,44.4,0.57,0.064
2026-03-13,10:26:49,BUY PE,DOWN,45.3,23316.0,23300,PE,23244.0,23352.0,45.3,23.4,31.3,55.6,21.3,23.1,29.8,26.5,43.7,0.57,-0.005
2026-03-13,10:27:22,BUY PE,DOWN,46.2,23323.25,23300,PE,23250.0,23360.0,46.2,24.6,29.2,57.6,20.9,21.5,29.2,30.2,40.6,0.56,0.004
2026-03-13,10:27:48,BUY PE,DOWN,46.2,23323.25,23300,PE,23250.0,23360.0,46.2,24.6,29.2,57.6,20.9,21.5,29.2,30.2,40.6,0.56,0.004
2026-03-13,10:28:21,BUY PE,DOWN,41.6,23338.5,23300,PE,23264.0,23376.0,41.6,25.9,32.5,50.4,22.7,26.8,28.3,30.6,41.1,0.56,0.028
2026-03-13,10:28:48,BUY PE,DOWN,40.8,23342.4,23300,PE,23267.0,23380.0,40.8,30.1,29.1,48.7,28.4,22.9,28.8,32.7,38.4,0.56,0.028
2026-03-13,10:29:19,BUY PE,DOWN,50.4,23341.55,23350,PE,23266.0,23380.0,50.4,21.8,27.8,65.2,17.2,17.6,28.2,28.7,43.1,0.56,0.053
2026-03-13,10:29:48,BUY PE,DOWN,50.4,23341.55,23350,PE,23266.0,23380.0,50.4,21.8,27.8,65.2,17.2,17.6,28.2,28.7,43.1,0.56,0.053
2026-03-13,10:30:23,BUY PE,DOWN,45.8,23350.65,23350,PE,23275.0,23389.0,45.8,25.7,28.5,57.4,24.0,18.6,28.4,28.2,43.4,0.56,0.07
2026-03-13,10:30:48,BUY PE,DOWN,44.9,23348.2,23300,PE,23271.0,23387.0,44.9,27.0,28.2,56.1,25.8,18.1,28.0,28.7,43.3,0.56,0.07
2026-03-13,10:31:21,BUY PE,DOWN,49.0,23348.05,23350,PE,23274.0,23385.0,49.0,21.0,30.0,62.5,15.8,21.7,28.8,28.8,42.4,0.56,0.105
2026-03-13,10:31:48,BUY PE,DOWN,49.0,23348.05,23350,PE,23274.0,23385.0,49.0,21.0,30.0,62.5,15.8,21.7,28.8,28.8,42.4,0.56,0.105
2026-03-13,10:32:21,BUY PE,DOWN,48.2,23352.2,23350,PE,23278.0,23389.0,48.2,20.9,30.8,61.2,15.8,23.0,28.9,28.5,42.6,0.56,0.112
2026-03-13,10:32:48,BUY PE,DOWN,48.2,23352.2,23350,PE,23278.0,23389.0,48.2,20.9,30.8,61.2,15.8,23.0,28.9,28.5,42.6,0.56,0.112
2026-03-13,10:33:22,BUY PE,DOWN,48.2,23344.6,23350,PE,23271.0,23382.0,48.2,21.8,30.1,61.0,17.7,21.3,29.0,27.8,43.2,0.57,0.101
2026-03-13,10:33:48,BUY PE,DOWN,43.6,23334.6,23300,PE,23260.0,23372.0,43.6,24.5,31.9,52.8,22.3,24.9,29.9,27.7,42.3,0.57,0.101
2026-03-13,10:34:19,BUY PE,DOWN,45.5,23332.4,23350,PE,23257.0,23370.0,45.5,25.4,29.1,56.7,23.3,20.1,28.8,28.5,42.8,0.57,0.06
2026-03-13,10:34:48,BUY PE,DOWN,45.5,23332.4,23350,PE,23257.0,23370.0,45.5,25.4,29.1,56.7,23.3,20.1,28.8,28.5,42.8,0.57,0.06
2026-03-13,10:35:21,BUY PE,DOWN,44.5,23323.95,23250,PE,23248.0,23362.0,44.5,23.7,31.8,54.6,21.3,24.0,29.3,27.3,43.5,0.57,0.049
2026-03-13,10:35:48,BUY PE,DOWN,44.5,23323.95,23250,PE,23248.0,23362.0,44.5,23.7,31.8,54.6,21.3,24.0,29.3,27.3,43.5,0.57,0.049
2026-03-13,10:36:25,BUY PE,DOWN,42.8,23329.35,23300,PE,23256.0,23366.0,42.8,31.8,25.4,51.7,30.5,17.8,29.5,33.6,36.9,0.58,0.044
2026-03-13,10:36:48,BUY PE,DOWN,42.8,23329.35,23300,PE,23256.0,23366.0,42.8,31.8,25.4,51.7,30.5,17.8,29.5,33.6,36.9,0.58,0.044
2026-03-13,10:37:19,BUY PE,DOWN,46.7,23331.15,23350,PE,23258.0,23368.0,46.7,27.9,25.5,58.1,26.8,15.1,29.5,29.5,41.0,0.58,0.06
2026-03-13,10:37:48,BUY PE,DOWN,46.7,23331.15,23350,PE,23258.0,23368.0,46.7,27.9,25.5,58.1,26.8,15.1,29.5,29.5,41.0,0.58,0.06
2026-03-13,10:38:19,BUY PE,DOWN,46.3,23328.5,23350,PE,23256.0,23365.0,46.3,27.4,26.3,57.0,26.9,16.1,30.2,28.1,41.7,0.58,0.061
2026-03-13,10:38:48,BUY PE,DOWN,46.3,23328.5,23350,PE,23256.0,23365.0,46.3,27.4,26.3,57.0,26.9,16.1,30.2,28.1,41.7,0.58,0.061
2026-03-13,10:39:21,BUY PE,DOWN,45.3,23330.85,23350,PE,23258.0,23367.0,45.3,27.7,26.9,55.7,27.2,17.2,29.9,28.6,41.5,0.58,0.074
2026-03-13,10:39:48,BUY PE,DOWN,45.3,23330.85,23350,PE,23258.0,23367.0,45.3,27.7,26.9,55.7,27.2,17.2,29.9,28.6,41.5,0.58,0.074
2026-03-13,10:40:19,BUY PE,DOWN,46.3,23331.75,23350,PE,23258.0,23369.0,46.3,26.7,27.1,57.0,25.8,17.1,30.1,27.9,42.0,0.58,0.078
2026-03-13,10:40:48,BUY PE,DOWN,46.3,23331.75,23350,PE,23258.0,23369.0,46.3,26.7,27.1,57.0,25.8,17.1,30.1,27.9,42.0,0.58,0.078
2026-03-13,10:41:19,BUY PE,DOWN,42.7,23338.95,23300,PE,23268.0,23374.0,42.7,28.3,29.0,50.9,23.4,25.7,30.5,35.6,33.9,0.58,0.095
2026-03-13,10:41:53,BUY PE,DOWN,43.5,23339.75,23300,PE,23269.0,23375.0,43.5,28.0,28.5,52.0,22.9,25.2,30.7,35.7,33.6,0.58,0.099
2026-03-13,10:42:21,BUY PE,DOWN,48.1,23336.1,23350,PE,23265.0,23372.0,48.1,25.6,26.4,60.1,22.4,17.6,30.0,30.4,39.5,0.58,0.087
2026-03-13,10:42:48,BUY PE,DOWN,48.1,23336.1,23350,PE,23265.0,23372.0,48.1,25.6,26.4,60.1,22.4,17.6,30.0,30.4,39.5,0.58,0.087
2026-03-13,10:43:19,BUY PE,DOWN,45.2,23325.65,23350,PE,23254.0,23362.0,45.2,26.6,28.2,54.7,25.1,20.1,30.9,28.9,40.2,0.58,0.065
2026-03-13,10:43:48,BUY PE,DOWN,44.9,23321.3,23250,PE,23249.0,23357.0,44.9,26.6,28.5,54.2,25.2,20.6,31.1,28.6,40.3,0.58,0.065
2026-03-13,10:44:19,BUY PE,DOWN,40.3,23316.95,23250,PE,23245.0,23353.0,40.3,30.3,29.5,46.7,31.1,22.2,30.6,29.1,40.4,0.58,0.042
2026-03-13,10:44:50,BUY PE,DOWN,41.5,23322.2,23250,PE,23250.0,23358.0,41.5,31.7,26.8,49.6,30.7,19.8,29.4,33.1,37.5,0.58,0.051
2026-03-13,10:45:18,BUY PE,DOWN,41.5,23322.2,23250,PE,23250.0,23358.0,41.5,31.7,26.8,49.6,30.7,19.8,29.4,33.1,37.5,0.58,0.051
2026-03-13,10:45:49,BUY PE,DOWN,42.5,23327.5,23300,PE,23254.0,23364.0,42.5,30.8,26.7,51.7,29.8,18.5,28.7,32.4,38.9,0.58,0.061
2026-03-13,10:46:18,BUY PE,DOWN,42.5,23327.5,23300,PE,23254.0,23364.0,42.5,30.8,26.7,51.7,29.8,18.5,28.7,32.4,38.9,0.58,0.061
2026-03-13,10:46:49,BUY PE,DOWN,45.3,23325.75,23350,PE,23256.0,23361.0,45.3,28.1,26.6,55.3,26.1,18.5,30.3,31.0,38.7,0.58,0.068
2026-03-13,10:47:25,BUY PE,DOWN,42.3,23319.7,23250,PE,23250.0,23355.0,42.3,30.0,27.7,49.8,30.2,20.0,31.0,29.8,39.1,0.58,0.045
2026-03-13,10:47:48,BUY PE,DOWN,42.3,23319.7,23250,PE,23250.0,23355.0,42.3,30.0,27.7,49.8,30.2,20.0,31.0,29.8,39.1,0.58,0.045
2026-03-13,10:48:21,BUY PE,DOWN,41.3,23320.4,23250,PE,23248.0,23356.0,41.3,32.7,26.0,48.6,31.3,20.1,30.3,34.8,34.9,0.58,0.043
2026-03-13,10:48:48,BUY PE,DOWN,41.3,23320.4,23250,PE,23248.0,23356.0,41.3,32.7,26.0,48.6,31.3,20.1,30.3,34.8,34.9,0.58,0.043
2026-03-13,10:49:21,BUY PE,DOWN,43.2,23331.75,23300,PE,23261.0,23367.0,43.2,31.1,25.7,53.0,29.6,17.4,28.4,33.3,38.3,0.58,0.067
2026-03-13,10:49:48,BUY PE,DOWN,42.7,23332.45,23300,PE,23261.0,23368.0,42.7,31.0,26.3,52.2,29.3,18.5,28.6,33.5,37.9,0.58,0.067
2026-03-13,10:50:20,BUY PE,DOWN,46.2,23334.0,23350,PE,23262.0,23370.0,46.2,28.1,25.6,58.4,24.7,16.9,28.0,33.3,38.7,0.58,0.066
2026-03-13,10:50:48,BUY PE,DOWN,46.2,23334.0,23350,PE,23262.0,23370.0,46.2,28.1,25.6,58.4,24.7,16.9,28.0,33.3,38.7,0.58,0.066
2026-03-13,10:51:19,BUY CE,UP,39.8,23347.6,23400,CE,23417.0,23313.0,32.2,27.9,39.8,35.8,24.7,39.5,26.8,32.8,40.4,0.58,-0.035
2026-03-13,10:51:48,BUY CE,UP,39.7,23359.65,23400,CE,23430.0,23325.0,28.4,31.9,39.7,26.1,31.2,42.7,32.0,32.9,35.1,0.58,-0.035
2026-03-13,10:52:19,BUY CE,UP,40.2,23362.35,23400,CE,23433.0,23327.0,30.4,29.5,40.2,32.9,26.7,40.4,26.5,33.6,39.8,0.58,-0.014
2026-03-13,10:52:48,BUY CE,UP,40.2,23362.35,23400,CE,23433.0,23327.0,30.4,29.5,40.2,32.9,26.7,40.4,26.5,33.6,39.8,0.58,-0.014
2026-03-13,10:53:23,BUY CE,UP,50.0,23367.2,23350,CE,23439.0,23331.0,28.0,22.0,50.0,27.6,14.2,58.2,28.4,33.7,37.9,0.57,-0.001
2026-03-13,10:53:51,BUY CE,UP,52.3,23377.55,23400,CE,23451.0,23341.0,27.0,20.8,52.3,25.9,11.7,62.5,28.7,34.4,36.9,0.57,0.006
2026-03-13,10:54:18,BUY CE,UP,52.3,23377.55,23400,CE,23451.0,23341.0,27.0,20.8,52.3,25.9,11.7,62.5,28.7,34.4,36.9,0.57,0.006
2026-03-13,10:54:51,BUY CE,UP,50.5,23360.7,23350,CE,23435.0,23324.0,31.7,17.8,50.5,33.0,9.8,57.3,29.8,29.9,40.3,0.57,-0.029
2026-03-13,10:55:18,BUY CE,UP,50.5,23360.7,23350,CE,23435.0,23324.0,31.7,17.8,50.5,33.0,9.8,57.3,29.8,29.9,40.3,0.57,-0.029
2026-03-13,10:55:51,BUY CE,UP,46.8,23354.4,23350,CE,23427.0,23318.0,36.1,17.1,46.8,39.7,8.0,52.3,30.7,30.7,38.6,0.57,-0.031
2026-03-13,10:56:19,BUY CE,UP,53.8,23356.8,23350,CE,23427.0,23322.0,26.3,19.9,53.8,26.5,10.6,62.9,26.0,34.0,40.1,0.59,-0.031
2026-03-13,10:56:49,BUY CE,UP,50.4,23356.8,23350,CE,23427.0,23322.0,28.4,21.2,50.4,30.1,12.7,57.2,26.0,34.0,40.1,0.59,0.066
2026-03-13,10:57:19,BUY CE,UP,48.8,23353.5,23350,CE,23424.0,23318.0,32.4,18.8,48.8,34.9,9.6,55.5,28.8,32.5,38.7,0.59,0.054
2026-03-13,10:57:51,BUY CE,UP,48.7,23350.25,23350,CE,23421.0,23315.0,33.3,18.0,48.7,36.5,8.6,54.9,28.5,32.0,39.5,0.59,0.046
2026-03-13,10:58:20,BUY CE,UP,49.8,23352.95,23350,CE,23423.0,23318.0,29.9,20.3,49.8,32.5,11.1,56.4,26.1,34.1,39.9,0.59,0.05
2026-03-13,10:58:55,BUY CE,UP,47.9,23352.95,23350,CE,23423.0,23318.0,31.3,20.8,47.9,34.9,11.9,53.2,26.1,34.1,39.9,0.59,0.056
2026-03-13,10:59:21,BUY CE,UP,53.3,23359.8,23350,CE,23430.0,23325.0,26.4,20.3,53.3,26.9,11.3,61.7,25.7,33.7,40.6,0.59,0.062
2026-03-13,10:59:48,BUY CE,UP,53.9,23367.1,23350,CE,23438.0,23332.0,25.0,21.1,53.9,24.1,13.0,62.9,26.2,33.3,40.5,0.59,0.062
2026-03-13,11:00:19,BUY CE,UP,51.2,23365.6,23350,CE,23438.0,23330.0,28.6,20.3,51.2,28.8,11.8,59.4,28.2,33.1,38.7,0.59,0.068
2026-03-13,11:00:48,BUY CE,UP,51.2,23365.6,23350,CE,23438.0,23330.0,28.6,20.3,51.2,28.8,11.8,59.4,28.2,33.1,38.7,0.59,0.068
2026-03-13,11:01:19,BUY CE,UP,55.5,23364.65,23350,CE,23434.0,23330.0,24.5,19.9,55.5,24.3,11.3,64.4,24.8,33.0,42.2,0.59,0.024
2026-03-13,11:01:48,BUY CE,UP,55.5,23364.65,23350,CE,23434.0,23330.0,24.5,19.9,55.5,24.3,11.3,64.4,24.8,33.0,42.2,0.59,0.024
2026-03-13,11:02:19,BUY CE,UP,56.4,23369.7,23350,CE,23439.0,23335.0,25.2,18.5,56.4,26.4,8.6,65.1,23.3,33.3,43.3,0.59,0.032
2026-03-13,11:02:49,BUY CE,UP,55.2,23359.15,23350,CE,23429.0,23324.0,24.0,20.8,55.2,22.8,12.1,65.1,25.8,33.8,40.4,0.59,0.005
2026-03-13,11:03:18,BUY CE,UP,53.5,23358.1,23350,CE,23428.0,23323.0,25.5,21.0,53.5,26.0,12.9,61.0,24.7,33.1,42.2,0.59,0.005
2026-03-13,11:03:51,BUY CE,UP,53.8,23357.15,23350,CE,23426.0,23323.0,25.3,20.9,53.8,25.8,12.7,61.5,24.6,33.2,42.2,0.59,-0.013
2026-03-13,11:04:20,BUY CE,UP,53.8,23357.15,23350,CE,23426.0,23323.0,25.3,20.9,53.8,25.8,12.7,61.5,24.6,33.2,42.2,0.59,-0.013
2026-03-13,11:04:49,BUY CE,UP,56.3,23359.8,23350,CE,23429.0,23325.0,24.0,19.6,56.3,23.9,9.9,66.2,24.2,34.2,41.6,0.59,-0.013
2026-03-13,11:05:18,BUY CE,UP,56.2,23357.55,23350,CE,23427.0,23323.0,23.9,19.9,56.2,23.6,10.5,65.9,24.5,33.9,41.6,0.59,-0.013
2026-03-13,11:05:51,BUY CE,UP,56.0,23357.55,23350,CE,23427.0,23323.0,23.9,20.1,56.0,23.5,10.9,65.6,24.5,33.9,41.6,0.59,-0.006
2026-03-13,11:06:21,BUY CE,UP,54.4,23356.95,23350,CE,23424.0,23323.0,23.0,22.6,54.4,22.2,14.5,63.3,24.3,34.8,41.0,0.59,0.031
2026-03-13,11:06:52,BUY CE,UP,52.4,23356.0,23350,CE,23423.0,23322.0,24.6,23.0,52.4,24.4,15.2,60.4,25.0,34.6,40.3,0.6,0.027
2026-03-13,11:07:18,BUY CE,UP,52.4,23356.0,23350,CE,23423.0,23322.0,24.6,23.0,52.4,24.4,15.2,60.4,25.0,34.6,40.3,0.6,0.027
2026-03-13,11:07:51,BUY CE,UP,52.7,23352.35,23350,CE,23419.0,23319.0,23.9,23.4,52.7,23.1,15.8,61.1,25.2,34.7,40.1,0.6,0.029
2026-03-13,11:08:18,BUY CE,UP,52.7,23352.35,23350,CE,23419.0,23319.0,23.9,23.4,52.7,23.1,15.8,61.1,25.2,34.7,40.1,0.6,0.029
2026-03-13,11:08:49,BUY CE,UP,49.8,23353.2,23350,CE,23420.0,23320.0,24.0,26.2,49.8,23.1,20.4,56.5,25.5,34.8,39.7,0.6,0.023
2026-03-13,11:09:18,BUY CE,UP,49.8,23353.2,23350,CE,23420.0,23320.0,24.0,26.2,49.8,23.1,20.4,56.5,25.5,34.8,39.7,0.6,0.023
2026-03-13,11:09:53,BUY CE,UP,47.0,23334.9,23350,CE,23404.0,23300.0,25.0,28.0,47.0,23.5,24.6,51.9,27.4,33.0,39.6,0.6,-0.031
2026-03-13,11:10:21,BUY CE,UP,46.7,23331.95,23350,CE,23401.0,23297.0,27.4,25.9,46.7,29.1,19.5,51.4,24.9,35.4,39.7,0.6,-0.031
2026-03-13,11:10:48,BUY CE,UP,46.7,23331.95,23350,CE,23401.0,23297.0,27.4,25.9,46.7,29.1,19.5,51.4,24.9,35.4,39.7,0.6,-0.031
2026-03-13,11:11:21,BUY CE,UP,45.9,23335.65,23350,CE,23402.0,23303.0,25.2,28.9,45.9,25.4,23.7,50.9,24.9,36.7,38.4,0.6,-0.023
2026-03-13,11:11:48,BUY CE,UP,45.9,23335.65,23350,CE,23402.0,23303.0,25.2,28.9,45.9,25.4,23.7,50.9,24.9,36.7,38.4,0.6,-0.023
2026-03-13,11:12:22,BUY CE,UP,48.9,23335.25,23350,CE,23401.0,23302.0,26.1,24.9,48.9,26.5,17.9,55.6,25.6,35.4,39.0,0.6,-0.027
2026-03-13,11:12:48,BUY CE,UP,42.9,23328.65,23400,CE,23396.0,23295.0,31.7,25.4,42.9,34.8,19.1,46.2,27.1,34.9,38.0,0.6,-0.027
2026-03-13,11:13:19,BUY CE,UP,43.8,23328.65,23400,CE,23396.0,23295.0,31.1,25.1,43.8,33.8,18.6,47.6,27.1,34.9,38.0,0.6,-0.032
2026-03-13,11:13:49,BUY CE,UP,42.3,23333.35,23400,CE,23400.0,23300.0,27.4,30.3,42.3,28.3,25.7,46.0,26.0,37.1,36.9,0.6,-0.035
2026-03-13,11:14:21,BUY CE,UP,43.2,23327.65,23400,CE,23395.0,23294.0,28.4,28.3,43.2,30.0,22.8,47.2,26.0,36.7,37.3,0.6,-0.049
2026-03-13,11:14:48,BUY CE,UP,43.2,23327.65,23400,CE,23395.0,23294.0,28.4,28.3,43.2,30.0,22.8,47.2,26.0,36.7,37.3,0.6,-0.049
2026-03-13,11:15:23,BUY PE,DOWN,36.4,23314.55,23250,PE,23247.0,23349.0,36.4,28.5,35.1,41.5,23.8,34.7,28.8,35.5,35.7,0.6,-0.069
2026-03-13,11:15:49,BUY PE,DOWN,36.6,23314.6,23250,PE,23247.0,23349.0,36.6,28.2,35.2,41.8,23.3,34.9,28.8,35.5,35.7,0.6,-0.066
2026-03-13,11:16:18,BUY PE,DOWN,36.6,23314.6,23250,PE,23247.0,23349.0,36.6,28.2,35.2,41.8,23.3,34.9,28.8,35.5,35.7,0.6,-0.066
2026-03-13,11:16:49,BUY CE,UP,35.9,23316.6,23350,CE,23383.0,23284.0,35.8,28.3,35.9,41.3,21.6,37.1,27.6,38.3,34.1,0.6,-0.104
2026-03-13,11:17:18,BUY CE,UP,35.9,23316.6,23350,CE,23383.0,23284.0,35.8,28.3,35.9,41.3,21.6,37.1,27.6,38.3,34.1,0.6,-0.104
2026-03-13,11:17:52,BUY CE,UP,38.4,23323.35,23350,CE,23389.0,23290.0,35.3,26.3,38.4,42.2,19.1,38.7,24.9,37.0,38.0,0.58,-0.08
2026-03-13,11:18:18,BUY CE,UP,38.4,23323.35,23350,CE,23389.0,23290.0,35.3,26.3,38.4,42.2,19.1,38.7,24.9,37.0,38.0,0.58,-0.08
2026-03-13,11:18:51,BUY CE,UP,41.0,23323.85,23350,CE,23390.0,23291.0,35.6,23.4,41.0,42.5,14.6,42.9,25.2,36.7,38.2,0.58,-0.078
2026-03-13,11:19:18,BUY CE,UP,41.0,23323.85,23350,CE,23390.0,23291.0,35.6,23.4,41.0,42.5,14.6,42.9,25.2,36.7,38.2,0.58,-0.078
2026-03-13,11:19:51,BUY CE,UP,41.7,23325.7,23400,CE,23392.0,23293.0,33.8,24.5,41.7,40.1,16.1,43.9,24.4,37.1,38.6,0.58,-0.074
2026-03-13,11:20:18,BUY CE,UP,41.7,23325.7,23400,CE,23392.0,23293.0,33.8,24.5,41.7,40.1,16.1,43.9,24.4,37.1,38.6,0.58,-0.074
2026-03-13,11:20:51,BUY PE,DOWN,39.2,23320.9,23250,PE,23255.0,23354.0,39.2,24.2,36.6,47.6,16.2,36.1,26.6,36.0,37.4,0.58,-0.085
2026-03-13,11:21:19,BUY CE,UP,46.5,23330.7,23350,CE,23395.0,23299.0,31.5,22.0,46.5,34.2,11.7,54.1,27.6,37.4,35.0,0.58,-0.106
2026-03-13,11:21:48,BUY CE,UP,50.2,23333.95,23350,CE,23398.0,23302.0,28.0,21.7,50.2,27.2,11.4,61.4,29.3,37.3,33.4,0.58,-0.106
2026-03-13,11:22:21,BUY CE,UP,49.9,23333.95,23350,CE,23398.0,23302.0,28.2,21.8,49.9,27.5,11.5,61.0,29.3,37.3,33.4,0.58,-0.077
2026-03-13,11:22:48,BUY CE,UP,50.0,23337.25,23350,CE,23401.0,23305.0,29.6,20.4,50.0,32.5,9.4,58.1,25.4,36.9,37.7,0.58,-0.08
2026-03-13,11:23:22,BUY CE,UP,50.0,23337.25,23350,CE,23401.0,23305.0,29.7,20.3,50.0,32.6,9.2,58.2,25.4,36.9,37.7,0.58,-0.109
2026-03-13,11:23:48,BUY CE,UP,48.9,23332.4,23350,CE,23397.0,23300.0,29.8,21.3,48.9,31.7,10.4,57.9,26.9,37.7,35.4,0.58,-0.097
2026-03-13,11:24:21,BUY CE,UP,48.5,23332.4,23350,CE,23397.0,23300.0,29.9,21.6,48.5,31.9,10.9,57.2,26.9,37.7,35.4,0.58,-0.082
2026-03-13,11:24:48,BUY CE,UP,51.1,23337.1,23350,CE,23402.0,23305.0,28.7,20.2,51.1,30.7,8.7,60.6,25.7,37.3,36.9,0.58,-0.081
2026-03-13,11:25:20,BUY CE,UP,53.3,23333.95,23350,CE,23399.0,23301.0,28.3,18.5,53.3,30.0,6.7,63.3,25.6,36.1,38.3,0.58,-0.078
2026-03-13,11:25:49,BUY CE,UP,53.3,23333.95,23350,CE,23399.0,23301.0,28.3,18.5,53.3,30.0,6.7,63.3,25.6,36.1,38.3,0.58,-0.078
2026-03-13,11:26:23,BUY CE,UP,47.2,23342.6,23350,CE,23406.0,23311.0,28.9,23.9,47.2,29.6,14.4,56.0,27.9,38.1,34.0,0.58,-0.015
2026-03-13,11:27:21,BUY CE,UP,50.6,23350.05,23350,CE,23413.0,23319.0,27.2,22.3,50.6,28.8,12.3,58.9,24.7,37.3,38.0,0.58,0.009
2026-03-13,11:28:23,BUY CE,UP,44.7,23361.4,23400,CE,23426.0,23329.0,26.9,28.4,44.7,26.8,22.5,50.7,27.1,37.1,35.8,0.58,0.032
2026-03-13,11:29:21,BUY PE,DOWN,41.7,23372.3,23300,PE,23307.0,23405.0,41.7,24.3,34.0,51.9,16.0,32.2,26.5,36.7,36.7,0.58,0.057
2026-03-13,11:30:21,BUY CE,UP,38.5,23372.2,23400,CE,23438.0,23339.0,36.8,24.7,38.5,43.6,17.9,38.4,26.7,34.7,38.6,0.58,0.048
2026-03-13,11:31:21,BUY CE,UP,48.4,23365.7,23350,CE,23430.0,23334.0,27.9,23.7,48.4,28.6,15.2,56.2,27.0,36.4,36.6,0.58,0.06
2026-03-13,11:32:25,BUY PE,DOWN,54.8,23386.8,23400,PE,23322.0,23419.0,54.8,22.9,22.3,72.6,14.0,13.4,28.1,36.3,35.6,0.59,0.117
2026-03-13,11:33:21,BUY PE,DOWN,53.7,23387.45,23400,PE,23322.0,23420.0,53.7,21.8,24.5,73.4,12.8,13.8,24.1,35.3,40.5,0.59,0.113
2026-03-13,11:34:21,BUY PE,DOWN,53.3,23394.6,23400,PE,23329.0,23428.0,53.3,20.8,25.9,73.3,11.4,15.2,23.2,34.9,41.9,0.59,0.126
2026-03-13,11:35:24,BUY PE,DOWN,51.5,23396.1,23400,PE,23330.0,23429.0,51.5,21.6,26.8,68.8,12.4,18.9,25.7,35.5,38.8,0.61,0.144
2026-03-13,11:36:21,BUY PE,DOWN,54.4,23398.2,23400,PE,23334.0,23430.0,54.4,19.5,26.1,75.7,9.1,15.2,22.5,35.1,42.4,0.61,0.165
2026-03-13,11:37:21,BUY PE,DOWN,60.1,23387.0,23400,PE,23323.0,23419.0,60.1,18.9,21.0,84.7,6.7,8.6,23.2,37.3,39.5,0.61,0.156
2026-03-13,11:38:23,BUY PE,DOWN,51.7,23396.15,23400,PE,23330.0,23429.0,51.7,23.6,24.8,66.6,14.7,18.6,29.2,36.8,34.0,0.62,0.164
2026-03-13,11:39:21,BUY PE,DOWN,48.8,23407.85,23400,PE,23343.0,23440.0,48.8,21.2,29.9,66.1,12.7,21.1,22.8,34.0,43.2,0.62,0.188
2026-03-13,11:40:23,BUY PE,DOWN,52.7,23404.7,23400,PE,23340.0,23437.0,52.7,19.8,27.4,73.2,10.3,16.5,22.0,34.1,43.8,0.62,0.185
2026-03-13,11:41:24,BUY PE,DOWN,50.2,23396.65,23400,PE,23334.0,23428.0,50.2,19.6,30.2,69.1,9.0,21.9,21.8,35.6,42.6,0.63,0.172
2026-03-13,11:42:21,BUY PE,DOWN,43.4,23405.65,23350,PE,23342.0,23438.0,43.4,18.6,38.0,57.4,8.3,34.2,22.3,33.9,43.8,0.63,0.194
2026-03-13,11:43:21,BUY PE,DOWN,43.9,23409.15,23350,PE,23345.0,23441.0,43.9,18.3,37.8,58.7,8.3,33.0,21.8,33.4,44.9,0.63,0.202
2026-03-13,11:44:24,BUY PE,DOWN,45.1,23409.75,23400,PE,23346.0,23442.0,45.1,17.7,37.2,61.9,7.3,30.8,19.9,33.3,46.8,0.64,0.207
2026-03-13,11:45:21,BUY PE,DOWN,44.6,23403.6,23350,PE,23340.0,23436.0,44.6,18.2,37.3,61.2,7.5,31.3,19.6,34.2,46.2,0.64,0.2
2026-03-13,11:46:21,BUY PE,DOWN,40.8,23403.5,23350,PE,23342.0,23434.0,40.8,19.3,40.0,54.5,9.4,36.1,20.2,34.1,45.7,0.64,0.153
2026-03-13,11:47:21,BUY PE,DOWN,44.5,23399.95,23350,PE,23337.0,23431.0,44.5,19.3,36.2,60.9,9.5,29.6,20.0,34.0,46.0,0.64,0.145
2026-03-13,11:48:21,BUY PE,DOWN,41.6,23397.7,23350,PE,23335.0,23429.0,41.6,19.9,38.5,55.2,10.3,34.5,21.2,34.4,44.4,0.64,0.142
2026-03-13,11:49:23,BUY PE,DOWN,44.3,23399.85,23350,PE,23337.0,23431.0,44.3,19.7,36.0,58.6,10.1,31.3,22.8,34.1,43.1,0.64,0.156
2026-03-13,11:50:25,BUY PE,DOWN,46.5,23404.15,23400,PE,23341.0,23436.0,46.5,18.0,35.5,63.7,7.9,28.4,20.7,33.1,46.2,0.65,0.178
2026-03-13,11:51:21,BUY PE,DOWN,44.6,23403.2,23350,PE,23342.0,23434.0,44.6,21.3,34.1,61.2,12.8,26.0,19.8,34.1,46.1,0.65,0.094
2026-03-13,11:52:23,BUY CE,UP,42.7,23394.4,23450,CE,23455.0,23364.0,36.7,20.7,42.7,47.0,11.5,41.5,21.2,34.4,44.4,0.65,0.068
2026-03-13,11:53:22,BUY PE,DOWN,38.4,23400.15,23350,PE,23338.0,23431.0,38.4,23.4,38.2,48.0,16.3,35.7,24.1,34.1,41.8,0.66,0.085
2026-03-13,11:54:21,BUY CE,UP,39.4,23397.0,23450,CE,23459.0,23366.0,38.9,21.7,39.4,52.3,13.0,34.7,19.0,34.7,46.4,0.66,0.078
2026-03-13,11:55:21,BUY PE,DOWN,39.8,23385.15,23350,PE,23323.0,23416.0,39.8,21.4,38.9,52.5,11.9,35.6,20.7,35.5,43.8,0.66,0.065
2026-03-13,11:56:25,BUY PE,DOWN,41.1,23375.45,23350,PE,23315.0,23405.0,41.1,21.2,37.7,54.2,10.9,34.9,21.6,36.6,41.9,0.66,0.007
2026-03-13,11:57:22,BUY CE,UP,47.3,23369.85,23350,CE,23431.0,23339.0,31.6,21.1,47.3,38.6,10.9,50.5,21.1,36.4,42.4,0.66,-0.002
2026-03-13,11:58:21,BUY CE,UP,44.4,23370.55,23400,CE,23432.0,23340.0,33.8,21.8,44.4,42.5,12.3,45.2,20.7,36.0,43.3,0.66,-0.005
2026-03-13,11:59:22,BUY CE,UP,50.4,23365.9,23350,CE,23427.0,23335.0,29.7,19.9,50.4,34.9,9.6,55.5,21.9,35.4,42.7,0.66,-0.03
2026-03-13,12:00:21,BUY CE,UP,51.8,23363.45,23350,CE,23424.0,23333.0,28.3,20.0,51.8,31.6,10.0,58.4,23.3,34.9,41.8,0.66,-0.035
2026-03-13,12:01:21,BUY CE,UP,58.9,23354.4,23350,CE,23413.0,23325.0,23.6,17.5,58.9,23.8,5.3,71.0,23.3,35.9,40.8,0.66,-0.089
2026-03-13,12:02:26,BUY CE,UP,53.2,23338.85,23350,CE,23400.0,23308.0,28.9,17.9,53.2,32.6,5.1,62.3,23.3,37.3,39.5,0.67,-0.131
2026-03-13,12:03:21,BUY CE,UP,58.1,23346.6,23350,CE,23409.0,23316.0,24.2,17.7,58.1,23.4,6.1,70.4,25.3,35.0,39.7,0.67,-0.114
2026-03-13,12:04:21,BUY CE,UP,56.8,23344.35,23350,CE,23405.0,23314.0,26.0,17.2,56.8,28.1,5.2,66.6,22.8,35.1,42.1,0.67,-0.111
2026-03-13,12:05:26,BUY CE,UP,55.7,23340.4,23350,CE,23401.0,23310.0,26.8,17.5,55.7,29.5,5.1,65.3,22.7,36.1,41.2,0.66,-0.119
2026-03-13,12:06:21,BUY CE,UP,53.1,23343.4,23350,CE,23402.0,23314.0,29.9,17.1,53.1,34.0,5.3,60.7,23.7,34.7,41.6,0.66,-0.14
2026-03-13,12:07:21,BUY CE,UP,54.1,23342.65,23350,CE,23402.0,23313.0,29.0,16.9,54.1,32.9,4.9,62.1,23.0,34.9,42.1,0.66,-0.14
2026-03-13,12:08:23,BUY CE,UP,51.9,23340.95,23350,CE,23400.0,23311.0,30.8,17.2,51.9,36.1,5.0,58.9,22.9,35.6,41.5,0.65,-0.148
2026-03-13,12:09:21,BUY CE,UP,49.1,23325.75,23350,CE,23386.0,23296.0,33.6,17.3,49.1,40.2,5.1,54.7,23.7,35.7,40.6,0.65,-0.183
2026-03-13,12:10:21,BUY CE,UP,58.8,23330.35,23350,CE,23390.0,23300.0,25.0,16.1,58.8,26.4,3.5,70.0,23.0,35.0,42.0,0.65,-0.174
2026-03-13,12:11:22,BUY CE,UP,50.4,23321.35,23300,CE,23380.0,23292.0,33.4,16.2,50.4,39.5,3.4,57.0,24.2,35.3,40.5,0.65,-0.187
2026-03-13,12:12:21,BUY CE,UP,50.0,23325.55,23350,CE,23385.0,23296.0,34.0,16.0,50.0,41.1,4.4,54.6,23.5,33.3,43.1,0.65,-0.181
2026-03-13,12:13:21,BUY CE,UP,48.9,23334.95,23350,CE,23394.0,23305.0,34.9,16.2,48.9,42.6,5.1,52.2,23.2,32.8,44.0,0.65,-0.16
2026-03-13,12:14:25,BUY CE,UP,49.4,23331.2,23350,CE,23390.0,23302.0,34.8,15.8,49.4,42.5,4.3,53.2,23.3,33.0,43.7,0.63,-0.172
2026-03-13,12:15:21,BUY CE,UP,47.0,23330.8,23350,CE,23391.0,23301.0,37.2,15.7,47.0,46.6,3.2,50.2,23.1,34.6,42.4,0.63,-0.169
2026-03-13,12:16:23,BUY CE,UP,54.3,23331.1,23350,CE,23389.0,23302.0,30.3,15.4,54.3,34.8,3.9,61.2,23.5,32.7,43.8,0.63,-0.149
2026-03-13,12:17:23,BUY CE,UP,53.1,23331.3,23350,CE,23389.0,23302.0,30.9,16.0,53.1,36.0,4.8,59.2,23.3,32.8,43.9,0.63,-0.141
2026-03-13,12:18:21,BUY CE,UP,55.4,23336.65,23350,CE,23395.0,23308.0,29.2,15.4,55.4,33.4,3.9,62.7,22.9,32.7,44.4,0.63,-0.121
2026-03-13,12:19:21,BUY CE,UP,54.5,23332.85,23350,CE,23391.0,23304.0,30.2,15.4,54.5,34.7,3.8,61.5,23.3,32.6,44.0,0.63,-0.115
2026-03-13,12:20:25,BUY CE,UP,45.1,23310.7,23300,CE,23370.0,23281.0,38.9,15.9,45.1,48.1,3.9,48.0,25.2,34.0,40.8,0.62,-0.186
2026-03-13,12:21:23,BUY CE,UP,46.4,23312.35,23300,CE,23369.0,23284.0,35.7,17.9,46.4,43.9,7.6,48.5,23.5,33.2,43.2,0.62,-0.098
2026-03-13,12:22:21,BUY CE,UP,42.2,23305.6,23350,CE,23363.0,23277.0,40.7,17.1,42.2,51.2,6.6,42.2,25.0,32.9,42.1,0.62,-0.104
2026-03-13,12:23:22,BUY PE,DOWN,42.4,23285.2,23250,PE,23226.0,23315.0,42.4,15.8,41.8,53.4,4.3,42.3,26.0,33.1,41.0,0.61,-0.148
2026-03-13,12:24:21,BUY CE,UP,44.8,23282.65,23350,CE,23344.0,23252.0,36.5,18.6,44.8,44.0,8.0,48.0,25.3,34.6,40.1,0.61,-0.159
2026-03-13,12:25:21,BUY CE,UP,45.0,23269.4,23300,CE,23329.0,23239.0,38.7,16.3,45.0,48.8,5.9,45.3,23.5,32.0,44.5,0.61,-0.176
2026-03-13,12:26:25,BUY CE,UP,40.9,23277.05,23350,CE,23336.0,23248.0,40.0,19.1,40.9,51.4,9.0,39.6,22.8,34.2,43.0,0.6,-0.124
2026-03-13,12:27:21,BUY PE,DOWN,43.9,23278.45,23250,PE,23219.0,23308.0,43.9,16.5,39.6,56.4,5.4,38.2,25.2,33.0,41.8,0.6,-0.121
2026-03-13,12:28:21,BUY CE,UP,41.2,23277.25,23350,CE,23336.0,23248.0,40.5,18.3,41.2,52.3,8.2,39.5,22.7,33.6,43.7,0.6,-0.124
2026-03-13,12:29:22,BUY CE,UP,46.0,23287.95,23300,CE,23348.0,23258.0,35.9,18.1,46.0,44.6,8.0,47.4,22.9,33.3,43.8,0.58,-0.103
2026-03-13,12:30:21,BUY PE,DOWN,42.9,23277.45,23250,PE,23217.0,23307.0,42.9,16.5,40.5,55.8,5.5,38.7,23.6,33.1,43.2,0.58,-0.128
2026-03-13,12:31:21,BUY PE,DOWN,42.7,23266.3,23200,PE,23208.0,23295.0,42.7,16.0,41.3,53.8,5.3,40.8,25.9,32.0,42.1,0.58,-0.143
2026-03-13,12:32:25,BUY PE,DOWN,53.3,23230.95,23250,PE,23169.0,23262.0,53.3,15.5,31.2,70.4,4.6,25.0,27.7,32.0,40.4,0.58,-0.228
2026-03-13,12:33:21,BUY PE,DOWN,47.8,23247.05,23250,PE,23185.0,23278.0,47.8,17.1,35.1,64.9,6.2,28.9,22.1,33.5,44.4,0.58,-0.188
2026-03-13,12:34:21,BUY PE,DOWN,50.8,23237.05,23250,PE,23175.0,23268.0,50.8,15.7,33.5,67.3,4.8,28.0,26.2,32.0,41.8,0.58,-0.203
2026-03-13,12:35:24,BUY PE,DOWN,48.7,23241.55,23250,PE,23180.0,23273.0,48.7,18.0,33.3,66.6,7.4,26.0,21.8,33.9,44.2,0.57,-0.193
2026-03-17,09:10:14,BUY CE,UP,42.6,23493.2,23550,CE,23594.0,23443.0,16.7,40.7,42.6,14.1,39.7,46.2,20.5,42.3,37.2,1.02,0.041
2026-03-17,09:10:36,BUY CE,UP,42.6,23493.2,23550,CE,23594.0,23443.0,16.7,40.7,42.6,14.1,39.7,46.2,20.5,42.3,37.2,1.02,0.041
2026-03-17,09:11:15,BUY CE,UP,42.6,23493.2,23550,CE,23594.0,23443.0,16.7,40.7,42.6,14.1,39.7,46.2,20.5,42.3,37.2,1.02,0.041
2026-03-17,09:11:42,BUY CE,UP,42.6,23493.2,23550,CE,23594.0,23443.0,16.7,40.7,42.6,14.1,39.7,46.2,20.5,42.3,37.2,1.02,0.041
2026-03-17,09:12:14,BUY CE,UP,42.6,23493.2,23550,CE,23594.0,23443.0,16.7,40.7,42.6,14.1,39.7,46.2,20.5,42.3,37.2,1.02,0.041
2026-03-17,09:12:34,BUY CE,UP,42.6,23493.2,23550,CE,23594.0,23443.0,16.7,40.7,42.6,14.1,39.7,46.2,20.5,42.3,37.2,1.02,0.041
2026-03-17,09:13:13,BUY CE,UP,42.6,23493.2,23550,CE,23594.0,23443.0,16.7,40.7,42.6,14.1,39.7,46.2,20.5,42.3,37.2,1.02,0.041
2026-03-17,09:13:39,BUY CE,UP,42.6,23493.2,23550,CE,23594.0,23443.0,16.7,40.7,42.6,14.1,39.7,46.2,20.5,42.3,37.2,1.02,0.041
2026-03-17,09:14:17,BUY CE,UP,42.6,23493.2,23550,CE,23594.0,23443.0,16.7,40.7,42.6,14.1,39.7,46.2,20.5,42.3,37.2,1.02,0.041
2026-03-17,09:14:39,BUY CE,UP,42.6,23493.2,23550,CE,23594.0,23443.0,16.7,40.7,42.6,14.1,39.7,46.2,20.5,42.3,37.2,1.02,0.041
2026-03-17,09:15:13,BUY CE,UP,44.1,23467.8,23500,CE,23567.0,23418.0,17.6,38.3,44.1,15.5,35.5,48.9,20.7,42.4,36.8,1.02,0.097
2026-03-17,09:15:39,BUY CE,UP,52.2,23421.55,23400,CE,23516.0,23375.0,14.8,32.9,52.2,10.1,26.6,63.3,21.9,42.4,35.7,1.02,0.025
2026-03-17,09:16:09,BUY CE,UP,52.2,23421.55,23400,CE,23516.0,23375.0,14.8,32.9,52.2,10.1,26.6,63.3,21.9,42.4,35.7,1.02,0.025
2026-03-17,09:16:39,BUY CE,UP,49.7,23390.55,23400,CE,23488.0,23342.0,23.8,26.5,49.7,20.7,18.7,60.6,28.5,38.1,33.4,1.02,-0.14
2026-03-17,09:17:16,BUY CE,UP,50.6,23392.05,23400,CE,23489.0,23344.0,23.1,26.3,50.6,19.4,18.5,62.1,28.5,38.2,33.3,1.02,-0.148
2026-03-30,09:12:07,BUY PE,DOWN,61.2,22549.65,22550,PE,22472.0,22589.0,61.2,21.3,17.5,74.3,11.4,14.3,41.4,36.2,22.4,0.88,-0.783
2026-03-30,09:12:07,BUY PE,DOWN,61.2,22549.65,22550,PE,22472.0,22589.0,61.2,21.3,17.5,74.3,11.4,14.3,41.4,36.2,22.4,0.88,-0.753
2026-03-30,09:12:08,BUY PE,DOWN,61.2,22549.65,22550,PE,22472.0,22589.0,61.2,21.3,17.5,74.3,11.4,14.3,41.4,36.2,22.4,0.88,-0.783
2026-03-30,09:12:53,BUY PE,DOWN,61.2,22549.65,22550,PE,22472.0,22589.0,61.2,21.3,17.5,74.3,11.4,14.3,41.4,36.2,22.4,0.88,-0.783
2026-03-30,09:13:18,BUY PE,DOWN,61.2,22549.65,22550,PE,22472.0,22589.0,61.2,21.3,17.5,74.3,11.4,14.3,41.4,36.2,22.4,0.88,-0.783
2026-03-30,09:13:56,BUY PE,DOWN,61.2,22549.65,22550,PE,22472.0,22589.0,61.2,21.3,17.5,74.3,11.4,14.3,41.4,36.2,22.4,0.88,-0.783
2026-03-30,09:14:19,BUY PE,DOWN,61.2,22549.65,22550,PE,22472.0,22589.0,61.2,21.3,17.5,74.3,11.4,14.3,41.4,36.2,22.4,0.88,-0.783
2026-03-30,09:25:31,BUY PE,DOWN,45.6,22524.35,22500,PE,22442.0,22565.0,45.6,18.1,36.3,47.8,10.9,41.3,42.3,29.0,28.7,1.0,-0.723
2026-03-30,09:26:06,BUY CE,UP,43.3,22540.4,22600,CE,22621.0,22500.0,36.9,19.8,43.3,37.0,12.7,50.3,36.7,30.5,32.8,1.0,-0.676
2026-03-30,09:26:37,BUY CE,UP,43.3,22540.4,22600,CE,22621.0,22500.0,36.9,19.8,43.3,37.0,12.7,50.3,36.7,30.5,32.8,1.0,-0.676
2026-03-30,09:29:31,BUY CE,UP,59.4,22549.7,22550,CE,22633.0,22508.0,24.4,16.2,59.4,17.0,7.7,75.3,35.4,29.0,35.6,1.05,-0.497
2026-03-30,09:29:57,BUY CE,UP,59.4,22582.9,22600,CE,22667.0,22541.0,23.6,17.0,59.4,13.0,11.7,75.3,39.5,24.9,35.6,1.05,-0.497
2026-03-30,09:30:35,BUY CE,UP,45.9,22596.3,22600,CE,22682.0,22553.0,27.8,26.4,45.9,21.1,26.3,52.6,37.7,26.5,35.8,1.05,-0.487
2026-03-30,09:30:57,BUY CE,UP,48.0,22576.75,22600,CE,22662.0,22534.0,33.1,18.9,48.0,25.9,12.4,61.6,43.8,28.6,27.6,1.05,-0.487
2026-03-30,09:31:32,BUY CE,UP,51.3,22576.75,22600,CE,22662.0,22534.0,30.1,18.5,51.3,21.0,11.8,67.1,43.8,28.6,27.6,1.08,-0.446
2026-03-30,09:31:57,BUY CE,UP,55.0,22613.3,22600,CE,22699.0,22570.0,21.2,23.7,55.0,14.0,20.3,65.7,32.1,28.9,39.0,1.08,-0.438
2026-03-30,10:00:54,BUY CE,UP,39.2,22612.25,22650,CE,22703.0,22567.0,32.8,28.0,39.2,27.6,21.1,51.3,40.7,38.3,21.0,1.25,-0.206
2026-03-30,10:01:10,BUY CE,UP,39.2,22612.25,22650,CE,22703.0,22567.0,32.8,28.0,39.2,27.6,21.1,51.3,40.7,38.3,21.0,1.25,-0.206
2026-03-30,10:01:55,BUY CE,UP,41.0,22614.45,22650,CE,22702.0,22570.0,26.6,32.4,41.0,26.5,24.4,49.2,26.8,44.5,28.7,1.25,-0.2
2026-03-30,10:02:20,BUY CE,UP,48.4,22625.65,22650,CE,22715.0,22581.0,25.1,26.5,48.4,23.8,15.1,61.1,26.9,43.7,29.4,1.25,-0.2
2026-03-30,10:02:54,BUY CE,UP,45.5,22625.65,22650,CE,22715.0,22581.0,27.0,27.6,45.5,27.0,16.8,56.2,26.9,43.7,29.4,1.25,-0.144
2026-03-30,10:03:20,BUY CE,UP,56.6,22634.3,22650,CE,22724.0,22589.0,19.9,23.5,56.6,16.0,12.2,71.8,25.7,40.3,34.0,1.25,-0.128
2026-03-30,10:03:55,BUY CE,UP,55.5,22661.3,22650,CE,22753.0,22615.0,17.3,27.1,55.5,11.2,19.0,69.8,26.6,39.3,34.2,1.25,-0.075
2026-03-30,10:04:20,BUY CE,UP,55.5,22661.3,22650,CE,22753.0,22615.0,17.3,27.1,55.5,11.2,19.0,69.8,26.6,39.3,34.2,1.25,-0.075
2026-03-30,10:04:55,BUY CE,UP,48.9,22651.1,22650,CE,22744.0,22605.0,28.3,22.8,48.9,16.9,15.3,67.8,45.4,34.1,20.5,1.25,-0.093
2026-03-30,10:06:01,BUY CE,UP,47.1,22639.95,22650,CE,22733.0,22593.0,31.7,21.2,47.1,22.7,12.5,64.8,45.1,34.2,20.7,1.22,-0.111
2026-03-30,10:06:59,BUY CE,UP,44.9,22627.85,22700,CE,22718.0,22583.0,34.7,20.4,44.9,26.8,11.6,61.7,46.5,33.7,19.8,1.22,-0.053
2026-03-30,10:07:52,BUY CE,UP,44.7,22619.95,22650,CE,106.2,22711.0,22574.0,32.8,22.5,44.7,24.5,14.0,61.5,45.3,35.2,19.4,1.22,-0.06
2026-03-30,10:08:21,BUY CE,UP,42.8,22609.15,22650,CE,106.2,22701.0,22563.0,33.7,23.4,42.8,27.1,14.2,58.7,43.8,37.3,19.0,1.22,-0.076
2026-03-30,10:08:53,BUY CE,UP,42.6,22606.0,22650,CE,87.75,22698.0,22560.0,35.2,22.3,42.6,28.3,13.6,58.1,45.5,35.2,19.3,1.22,-0.076
2026-03-30,10:08:55,BUY CE,UP,42.5,22606.0,22650,CE,87.75,22698.0,22560.0,35.1,22.4,42.5,28.2,13.9,57.9,45.5,35.2,19.3,1.22,-0.084
2026-03-30,10:09:18,BUY CE,UP,42.5,22606.0,22650,CE,87.75,22698.0,22560.0,35.1,22.4,42.5,28.2,13.9,57.9,45.5,35.2,19.3,1.22,-0.084
2026-03-30,10:09:52,BUY CE,UP,41.5,22602.5,22650,CE,87.75,22696.0,22556.0,34.4,24.1,41.5,28.1,15.5,56.4,44.0,37.0,19.0,1.22,-0.101
2026-03-30,10:10:18,BUY PE,DOWN,38.5,22596.4,22550,PE,86.75,22502.0,22643.0,38.5,24.9,36.6,33.9,17.8,48.3,45.3,35.5,19.2,1.22,-0.109
2026-03-30,10:10:50,BUY CE,UP,38.6,22596.4,22650,CE,87.75,22690.0,22549.0,37.0,24.4,38.6,31.5,17.0,51.5,45.3,35.5,19.2,1.22,-0.13
2026-03-30,10:11:21,BUY PE,DOWN,45.9,22585.9,22600,PE,120.2,22491.0,22633.0,45.9,26.4,27.7,44.8,22.1,33.1,47.6,32.8,19.6,1.23,-0.054
2026-03-30,10:11:55,BUY PE,DOWN,40.9,22582.5,22550,PE,95.8,22492.0,22628.0,40.9,26.3,32.8,39.6,18.0,42.4,42.9,38.8,18.3,1.23,-0.064
2026-03-30,10:11:55,BUY PE,DOWN,40.9,22582.5,22550,PE,95.8,22492.0,22628.0,40.9,26.3,32.8,39.6,18.0,42.4,42.9,38.8,18.3,1.23,-0.064
2026-03-30,10:12:18,BUY PE,DOWN,36.0,22574.6,22500,PE,75.55,22482.0,22621.0,36.0,31.2,32.8,40.2,23.5,36.3,29.9,42.6,27.5,1.23,-0.064
2026-03-30,10:12:51,BUY PE,DOWN,36.1,22572.15,22500,PE,75.55,22479.0,22619.0,36.1,31.3,32.5,38.3,23.8,37.9,32.9,42.6,24.6,1.23,-0.091
2026-03-30,10:13:18,BUY PE,DOWN,36.1,22572.15,22500,PE,75.55,22479.0,22619.0,36.1,31.3,32.5,38.3,23.8,37.9,32.9,42.6,24.6,1.23,-0.091
2026-03-30,10:13:52,BUY PE,DOWN,45.6,22561.0,22550,PE,103.25,22468.0,22608.0,45.6,25.3,29.0,43.6,20.3,36.0,48.6,32.9,18.5,1.23,-0.124
2026-03-30,10:14:18,NO TRADE,UP,34.8,22581.45,22600,-,,22581.44921875,22581.44921875,33.8,31.4,34.8,36.5,24.9,38.6,29.6,41.1,29.3,1.23,-0.124
2026-03-30,10:14:59,BUY CE,UP,51.1,22596.05,22600,CE,85.9,22691.0,22549.0,24.4,24.4,51.1,22.0,15.9,62.2,28.1,37.3,34.6,1.23,-0.043
2026-03-30,10:16:02,BUY PE,DOWN,42.2,22579.15,22550,PE,103.25,22485.0,22626.0,42.2,28.0,29.8,37.3,25.7,37.0,49.4,31.4,19.2,1.23,-0.044
2026-03-30,10:17:00,BUY PE,DOWN,40.9,22576.6,22550,PE,88.15,22486.0,22622.0,40.9,26.1,33.1,36.9,20.0,43.0,46.8,35.1,18.1,1.18,-0.066
2026-03-30,10:18:02,BUY PE,DOWN,44.9,22563.75,22500,PE,67.85,22472.0,22610.0,44.9,25.4,29.7,41.3,21.4,37.3,50.3,31.3,18.4,1.18,-0.083
2026-03-30,10:19:02,BUY PE,DOWN,47.7,22554.8,22550,PE,88.15,22462.0,22601.0,47.7,26.5,25.8,46.0,23.0,31.0,50.1,31.7,18.1,1.18,-0.1
2026-03-30,10:20:01,BUY PE,DOWN,44.7,22555.6,22500,PE,80.6,22463.0,22602.0,44.7,27.6,27.7,45.4,21.1,33.4,43.6,37.2,19.2,1.16,-0.092
2026-03-30,10:21:00,BUY PE,DOWN,44.5,22555.5,22500,PE,80.6,22462.0,22602.0,44.5,27.3,28.3,43.4,21.8,34.8,46.0,35.5,18.4,1.16,-0.092
2026-03-30,10:22:01,BUY PE,DOWN,38.1,22560.0,22500,PE,80.6,22470.0,22605.0,38.1,29.8,32.1,39.4,22.9,37.7,36.1,40.1,23.7,1.16,-0.093
2026-03-30,10:23:00,BUY PE,DOWN,48.6,22549.7,22550,PE,102.6,22459.0,22595.0,48.6,24.5,27.0,46.9,19.7,33.3,51.0,31.6,17.4,1.15,-0.12
2026-03-30,10:23:59,BUY PE,DOWN,44.8,22541.35,22500,PE,79.95,22450.0,22587.0,44.8,24.5,30.7,41.3,19.3,39.4,50.1,32.3,17.6,1.15,-0.141
2026-03-30,10:24:59,BUY PE,DOWN,41.8,22546.6,22500,PE,79.95,22456.0,22592.0,41.8,28.3,29.9,43.7,21.0,35.4,39.1,39.4,21.5,1.15,-0.151
2026-03-30,10:26:03,BUY PE,DOWN,39.0,22555.2,22500,PE,86.35,22463.0,22601.0,39.0,26.4,34.6,43.8,17.6,38.7,32.0,39.6,28.4,1.12,-0.211
2026-03-30,10:27:00,BUY PE,DOWN,42.0,22551.4,22500,PE,86.35,22463.0,22595.0,42.0,23.1,34.9,36.9,16.0,47.1,49.7,33.8,16.6,1.12,-0.211
2026-03-30,10:27:59,BUY PE,DOWN,45.3,22542.05,22550,PE,110.8,22453.0,22587.0,45.3,20.9,33.8,41.8,13.7,44.5,50.6,31.8,17.7,1.12,-0.235
2026-03-30,10:29:02,BUY PE,DOWN,42.7,22542.55,22500,PE,84.9,22455.0,22587.0,42.7,23.1,34.2,41.1,13.8,45.1,45.2,37.0,17.8,1.1,-0.233
2026-03-30,10:30:01,BUY PE,DOWN,42.7,22539.7,22500,PE,84.9,22451.0,22584.0,42.7,23.4,33.8,40.0,15.3,44.6,46.8,35.5,17.7,1.1,-0.236
2026-03-30,10:31:00,BUY PE,DOWN,44.0,22535.55,22500,PE,84.9,22447.0,22580.0,44.0,24.7,31.2,43.9,16.1,40.0,44.2,37.7,18.1,1.1,-0.233
2026-03-30,10:32:03,BUY PE,DOWN,41.7,22532.4,22500,PE,83.05,22446.0,22575.0,41.7,24.4,33.9,37.4,17.4,45.2,48.1,34.9,17.0,1.09,-0.146
2026-03-30,10:33:00,BUY PE,DOWN,41.7,22526.45,22500,PE,83.05,22440.0,22569.0,41.7,24.2,34.1,36.9,17.8,45.3,49.0,33.7,17.3,1.09,-0.154
2026-03-30,10:34:02,BUY PE,DOWN,39.4,22521.85,22450,PE,61.8,22436.0,22565.0,39.4,25.3,35.4,33.7,18.9,47.4,47.9,34.9,17.2,1.09,-0.166
2026-03-30,10:35:00,BUY CE,UP,40.2,22528.3,22600,CE,57.45,22615.0,22485.0,31.1,28.7,40.2,29.6,19.7,50.6,33.2,42.2,24.6,1.08,-0.142
2026-03-30,10:36:01,BUY PE,DOWN,36.2,22537.3,22500,PE,89.5,22450.0,22581.0,36.2,29.7,34.1,38.7,22.1,39.2,32.5,41.2,26.3,1.08,-0.111
2026-03-30,10:36:59,BUY PE,DOWN,41.0,22538.85,22500,PE,89.5,22455.0,22581.0,41.0,25.9,33.2,41.9,15.3,42.7,39.5,41.7,18.8,1.08,-0.08
2026-03-30,10:38:03,BUY PE,DOWN,44.3,22526.65,22500,PE,76.55,22442.0,22569.0,44.3,23.2,32.6,40.2,17.1,42.7,50.4,32.3,17.3,1.05,-0.104
2026-03-30,10:38:59,BUY CE,UP,46.1,22546.2,22550,CE,87.4,22632.0,22503.0,30.1,23.7,46.1,32.4,13.2,54.4,26.7,39.5,33.8,1.05,-0.076
2026-03-30,10:39:59,BUY PE,DOWN,45.5,22537.4,22550,PE,100.4,22452.0,22580.0,45.5,21.9,32.5,42.5,14.6,42.9,50.1,32.9,17.0,1.05,-0.106
2026-03-30,10:40:59,BUY CE,UP,41.1,22547.8,22600,CE,65.25,22633.0,22505.0,33.6,25.3,41.1,36.1,13.9,50.0,30.0,42.3,27.7,1.04,-0.087
2026-03-30,10:41:59,BUY PE,DOWN,38.5,22526.45,22500,PE,76.7,22442.0,22568.0,38.5,26.7,34.8,31.1,22.7,46.2,49.5,32.7,17.8,1.04,-0.06
2026-03-30,10:42:59,BUY PE,DOWN,35.8,22527.75,22500,PE,76.7,22445.0,22569.0,35.8,28.5,35.7,33.5,19.6,46.9,39.1,41.9,19.0,1.04,-0.05
2026-03-30,10:44:03,BUY PE,DOWN,42.9,22513.8,22450,PE,60.9,22430.0,22556.0,42.9,23.6,33.4,38.2,17.7,44.1,50.0,32.5,17.5,1.03,-0.092
2026-03-30,10:44:59,BUY PE,DOWN,38.3,22514.35,22450,PE,60.9,22430.0,22556.0,38.3,27.1,34.6,37.5,17.4,45.1,39.6,41.5,18.8,1.03,-0.086
2026-03-30,10:46:00,BUY PE,DOWN,39.8,22512.6,22450,PE,60.9,22429.0,22555.0,39.8,27.6,32.5,37.4,20.0,42.5,43.5,39.1,17.5,1.03,-0.092
2026-03-30,10:47:04,NO TRADE,SIDEWAYS,37.6,22519.05,22500,-,,22519.05078125,22519.05078125,30.4,37.6,32.0,30.3,33.3,36.4,30.5,44.0,25.5,1.02,-0.014
2026-03-30,10:48:00,NO TRADE,SIDEWAYS,35.9,22529.2,22550,-,,22529.19921875,22529.19921875,28.9,35.9,35.3,30.2,31.0,38.8,26.8,43.2,30.0,1.02,0.003
2026-03-30,10:48:59,BUY PE,DOWN,38.0,22527.75,22500,PE,85.05,22446.0,22569.0,38.0,31.8,30.1,34.2,27.3,38.5,43.8,38.7,17.5,1.02,0.005
2026-03-30,10:50:03,BUY PE,DOWN,35.8,22528.25,22500,PE,80.45,22445.0,22570.0,35.8,34.9,29.3,34.3,30.1,35.6,38.1,42.2,19.7,1.01,-0.006
2026-03-30,10:51:02,NO TRADE,SIDEWAYS,37.2,22536.7,22550,-,,22536.69921875,22536.69921875,31.5,37.2,31.3,34.1,33.0,33.0,27.6,43.6,28.8,1.01,0.029
2026-03-30,10:52:03,BUY PE,DOWN,39.0,22517.8,22450,PE,59.15,22438.0,22558.0,39.0,33.1,27.9,39.4,27.0,33.6,38.4,42.2,19.4,1.01,-0.026
2026-03-30,10:53:02,BUY PE,DOWN,41.3,22515.85,22450,PE,62.3,22435.0,22556.0,41.3,32.8,25.9,41.2,27.6,31.2,41.4,40.7,17.9,1.02,-0.028
2026-03-30,10:54:02,BUY PE,DOWN,38.8,22495.0,22450,PE,62.3,22412.0,22536.0,38.8,30.5,30.7,31.7,29.0,39.3,49.4,32.8,17.8,1.02,-0.075
2026-03-30,10:55:11,NO TRADE,DOWN,34.3,22492.7,22500,-,,22492.69921875,22492.69921875,34.3,32.7,33.0,30.2,27.3,42.5,40.5,40.8,18.7,1.02,-0.085
2026-03-30,10:56:15,BUY CE,UP,36.2,22483.25,22550,CE,59.3,22563.0,22443.0,34.0,29.8,36.2,29.7,22.5,47.8,40.5,40.7,18.8,1.01,-0.131
2026-03-30,10:57:10,NO TRADE,UP,34.4,22513.55,22500,-,,22513.55078125,22513.55078125,33.0,32.6,34.4,28.1,27.4,44.6,40.4,40.4,19.2,1.01,-0.053
2026-03-30,10:58:02,NO TRADE,SIDEWAYS,36.2,22516.15,22500,-,,22516.150390625,22516.150390625,35.5,36.2,28.3,32.2,33.5,34.3,40.5,40.3,19.2,1.01,-0.025
2026-03-30,10:59:03,NO TRADE,UP,33.5,22507.7,22500,-,,22507.69921875,22507.69921875,33.4,33.1,33.5,28.1,28.5,43.4,41.4,39.9,18.7,0.97,-0.044
2026-03-30,11:00:02,BUY PE,DOWN,38.9,22491.35,22450,PE,62.75,22406.0,22534.0,38.9,34.4,26.7,31.7,35.6,32.7,49.7,32.6,17.7,0.97,-0.083
2026-03-30,11:01:00,NO TRADE,SIDEWAYS,36.2,22493.6,22500,-,,22493.599609375,22493.599609375,31.1,36.2,32.6,30.9,31.4,37.7,31.5,43.5,25.0,0.97,-0.077
2026-03-30,11:02:06,NO TRADE,SIDEWAYS,35.2,22484.55,22500,-,,22484.55078125,22484.55078125,33.7,35.2,31.1,29.3,31.9,38.9,40.4,40.3,19.3,0.96,-0.093
2026-03-30,11:03:01,NO TRADE,DOWN,33.8,22490.45,22500,-,,22490.44921875,22490.44921875,33.8,33.3,32.9,30.6,28.2,41.1,38.6,40.8,20.5,0.96,-0.09
2026-03-30,11:03:59,BUY CE,UP,35.9,22504.1,22550,CE,60.8,22586.0,22463.0,32.2,31.9,35.9,38.5,24.6,36.9,22.8,42.8,34.4,0.96,-0.049
2026-03-30,11:05:01,BUY PE,DOWN,42.7,22503.8,22450,PE,61.4,22423.0,22544.0,42.7,25.9,31.4,42.4,17.4,40.2,43.1,38.7,18.2,0.96,-0.063
2026-03-30,11:05:59,BUY PE,DOWN,41.2,22501.85,22450,PE,61.4,22420.0,22543.0,41.2,26.9,31.9,40.3,18.8,40.9,42.6,39.1,18.3,0.96,-0.078
2026-03-30,11:07:00,NO TRADE,SIDEWAYS,36.2,22504.9,22500,-,,22504.900390625,22504.900390625,32.2,36.2,31.7,32.5,31.8,35.7,31.6,42.7,25.7,0.96,-0.031
2026-03-30,11:08:00,BUY PE,DOWN,41.2,22500.35,22450,PE,65.2,22421.0,22540.0,41.2,31.9,26.8,38.8,28.5,32.7,44.8,37.1,18.1,0.96,-0.029
2026-03-30,11:08:59,BUY PE,DOWN,40.2,22494.15,22450,PE,65.2,22415.0,22534.0,40.2,31.6,28.1,35.3,29.5,35.2,47.6,34.8,17.6,0.96,-0.046
2026-03-30,11:09:59,BUY PE,DOWN,40.8,22482.85,22450,PE,65.2,22403.0,22523.0,40.8,31.2,28.0,35.3,29.9,34.8,49.2,33.1,17.7,0.96,-0.09
2026-03-30,11:11:01,NO TRADE,SIDEWAYS,38.0,22475.2,22500,-,,22475.19921875,22475.19921875,32.2,38.0,29.8,31.5,35.5,33.0,33.2,41.8,25.0,0.96,-0.107
2026-03-30,11:11:59,BUY PE,DOWN,43.2,22461.25,22400,PE,52.95,22381.0,22501.0,43.2,26.1,30.6,38.9,21.8,39.4,49.7,32.7,17.6,0.96,-0.185
2026-03-30,11:12:59,BUY PE,DOWN,37.1,22455.85,22400,PE,52.95,22377.0,22495.0,37.1,27.9,35.0,31.9,22.1,46.1,44.9,36.6,18.5,0.96,-0.207
2026-03-30,11:14:04,BUY CE,UP,41.4,22480.65,22550,CE,50.65,22562.0,22440.0,25.2,33.3,41.4,26.1,29.7,44.2,24.0,38.8,37.3,0.91,-0.119
2026-03-30,11:15:00,BUY PE,DOWN,39.1,22475.0,22450,PE,80.0,22395.0,22515.0,39.1,30.1,30.8,33.4,27.0,39.5,47.5,34.8,17.7,0.91,-0.123
2026-03-30,11:16:01,BUY PE,DOWN,41.7,22469.5,22400,PE,57.9,22390.0,22510.0,41.7,27.6,30.7,36.5,24.0,39.5,49.6,33.0,17.5,0.91,-0.142
2026-03-30,11:17:01,BUY CE,UP,38.8,22482.05,22550,CE,50.3,22560.0,22443.0,28.3,32.9,38.8,31.1,28.2,40.8,24.1,40.1,35.8,0.89,-0.052
2026-03-30,11:18:00,BUY PE,DOWN,40.3,22474.5,22400,PE,56.55,22396.0,22514.0,40.3,28.9,30.8,36.2,24.5,39.3,46.3,35.6,18.1,0.89,-0.075
2026-03-30,11:19:00,NO TRADE,DOWN,34.8,22478.0,22500,-,,22478.0,22478.0,34.8,31.4,33.8,37.5,25.5,37.0,30.6,40.3,29.0,0.89,-0.071
2026-03-30,11:20:05,BUY PE,DOWN,36.4,22480.45,22450,PE,71.6,22403.0,22519.0,36.4,30.8,32.8,38.3,24.7,37.0,33.5,40.0,26.5,0.89,-0.069
2026-03-30,11:21:00,BUY PE,DOWN,43.7,22471.2,22400,PE,50.7,22393.0,22510.0,43.7,27.3,29.0,40.2,23.0,36.8,49.0,33.7,17.4,0.89,-0.106
2026-03-30,11:21:38,NO TRADE,SIDEWAYS,39.0,22483.8,22500,-,,22483.80078125,22483.80078125,26.6,39.0,34.5,26.5,39.3,34.2,26.7,38.4,34.9,0.89,-0.103
2026-03-30,11:22:21,BUY PE,DOWN,40.1,22475.45,22450,PE,71.6,22399.0,22513.0,40.1,32.1,27.9,36.1,29.6,34.3,46.0,35.8,18.2,0.89,-0.126
2026-03-30,11:22:59,BUY PE,DOWN,36.0,22481.55,22450,PE,72.4,22407.0,22519.0,36.0,33.9,30.1,34.2,29.6,36.2,38.6,40.5,20.9,0.89,-0.103
2026-03-30,11:23:59,BUY PE,DOWN,39.4,22473.85,22400,PE,51.3,22398.0,22512.0,39.4,33.2,27.3,36.0,30.8,33.2,44.6,36.8,18.5,0.89,-0.116
2026-03-30,11:25:00,NO TRADE,SIDEWAYS,37.9,22482.25,22500,-,,22482.25,22482.25,29.1,37.9,33.0,30.0,36.8,33.2,27.8,39.5,32.7,0.89,-0.069
2026-03-30,11:26:00,NO TRADE,SIDEWAYS,35.5,22484.9,22500,-,,22484.900390625,22484.900390625,34.0,35.5,30.4,34.1,33.0,32.9,34.0,39.4,26.6,0.89,-0.05
2026-03-30,11:27:00,BUY PE,DOWN,39.7,22475.0,22450,PE,71.3,22402.0,22512.0,39.7,31.8,28.5,36.1,28.6,35.3,45.0,36.7,18.3,0.89,-0.101
2026-03-30,11:27:59,BUY PE,DOWN,35.5,22473.4,22400,PE,50.7,22400.0,22510.0,35.5,34.9,29.7,33.5,30.9,35.6,38.4,40.9,20.7,0.89,-0.103
2026-03-30,11:29:03,BUY PE,DOWN,35.4,22468.6,22400,PE,54.95,22396.0,22505.0,35.4,30.8,33.8,33.6,24.1,42.3,38.1,40.9,21.0,0.89,-0.128
2026-03-30,11:29:59,BUY PE,DOWN,36.3,22468.5,22400,PE,54.95,22396.0,22505.0,36.3,31.8,31.9,35.0,25.7,39.3,38.2,40.9,20.9,0.89,-0.12
2026-03-30,11:31:00,NO TRADE,UP,34.4,22467.75,22450,-,,22467.75,22467.75,34.0,31.6,34.4,31.2,25.4,43.5,38.3,41.0,20.7,0.89,-0.141
2026-03-30,11:32:05,BUY CE,UP,41.8,22488.4,22550,CE,45.1,22561.0,22452.0,21.2,37.0,41.8,16.1,37.4,46.5,29.0,36.4,34.6,0.88,-0.005
2026-03-30,11:32:59,NO TRADE,SIDEWAYS,36.3,22490.2,22500,-,,22490.19921875,22490.19921875,30.8,36.3,32.9,27.5,34.0,38.5,35.6,39.8,24.5,0.88,-0.011
2026-03-30,11:34:00,NO TRADE,SIDEWAYS,36.5,22486.0,22500,-,,22486.0,22486.0,33.6,36.5,29.9,29.5,33.9,36.6,39.8,40.4,19.8,0.88,-0.01
2026-03-30,11:35:01,NO TRADE,SIDEWAYS,40.5,22504.6,22500,-,,22504.599609375,22504.599609375,19.3,40.5,40.3,12.6,43.2,44.2,29.3,36.4,34.3,0.88,0.035
2026-03-30,11:35:59,BUY CE,UP,45.2,22518.0,22500,CE,79.55,22594.0,22480.0,18.0,36.7,45.2,9.3,37.0,53.7,31.1,36.4,32.5,0.88,0.058
2026-03-30,11:37:01,BUY CE,UP,39.8,22507.25,22550,CE,58.2,22581.0,22470.0,28.6,31.6,39.8,18.8,27.3,53.9,43.3,38.1,18.6,0.88,0.029
2026-03-30,11:38:02,BUY CE,UP,41.7,22533.2,22600,CE,46.4,22607.0,22496.0,23.1,35.1,41.7,15.0,31.0,54.0,35.3,41.3,23.4,0.88,0.101
2026-03-30,11:39:02,BUY CE,UP,43.0,22530.45,22600,CE,46.4,22604.0,22493.0,23.8,33.1,43.0,16.1,26.7,57.2,35.4,42.8,21.8,0.88,0.108
2026-03-30,11:40:02,BUY CE,UP,38.9,22511.85,22550,CE,66.5,22588.0,22474.0,26.2,34.9,38.9,13.0,34.1,52.9,45.9,36.2,17.9,0.88,0.053
2026-03-30,11:41:01,BUY CE,UP,42.3,22512.5,22550,CE,61.4,22586.0,22476.0,24.8,32.9,42.3,15.9,26.9,57.3,38.2,41.9,19.9,0.9,0.019
2026-03-30,11:42:00,BUY CE,UP,37.6,22503.55,22550,CE,61.4,22577.0,22467.0,30.1,32.3,37.6,20.5,29.1,50.4,44.4,37.1,18.4,0.9,0.025
2026-03-30,11:43:00,BUY CE,UP,37.7,22501.25,22550,CE,61.4,22574.0,22465.0,28.5,33.8,37.7,21.8,28.6,49.6,38.5,41.6,20.0,0.9,0.011
2026-03-30,11:44:00,BUY CE,UP,37.6,22496.45,22550,CE,53.65,22568.0,22460.0,29.1,33.3,37.6,24.4,26.7,48.9,36.2,43.2,20.5,0.91,-0.004
2026-03-30,11:45:00,BUY CE,UP,37.0,22485.85,22550,CE,53.65,22560.0,22449.0,36.5,26.5,37.0,32.0,18.7,49.3,43.1,38.2,18.7,0.91,-0.037
2026-03-30,11:46:00,BUY CE,UP,39.3,22472.95,22500,CE,74.45,22548.0,22435.0,33.5,27.2,39.3,25.9,20.8,53.3,45.0,36.8,18.2,0.91,-0.071
2026-03-30,11:47:01,BUY PE,DOWN,41.1,22467.1,22400,PE,46.55,22395.0,22503.0,41.1,29.9,29.0,42.4,22.3,35.3,39.1,41.4,19.5,0.91,-0.097
2026-03-30,11:48:00,BUY PE,DOWN,39.1,22466.15,22400,PE,46.55,22394.0,22502.0,39.1,30.4,30.6,40.4,22.5,37.1,37.0,42.2,20.8,0.91,-0.104
2026-03-30,11:49:00,BUY PE,DOWN,39.2,22466.7,22400,PE,46.55,22395.0,22503.0,39.2,31.0,29.7,40.6,23.9,35.5,37.2,41.7,21.1,0.91,-0.113
2026-03-30,11:50:03,BUY PE,DOWN,40.2,22465.1,22400,PE,48.95,22393.0,22501.0,40.2,32.3,27.5,42.1,25.7,32.2,37.4,42.2,20.4,0.9,-0.113
2026-03-30,11:51:00,BUY PE,DOWN,36.4,22460.8,22400,PE,48.95,22388.0,22497.0,36.4,33.0,30.6,34.9,27.3,37.9,38.6,41.6,19.7,0.9,-0.135
2026-03-30,11:52:00,BUY CE,UP,37.1,22464.5,22500,CE,61.9,22534.0,22430.0,31.1,31.8,37.1,28.9,25.8,45.3,34.3,40.8,24.8,0.9,-0.081
2026-03-30,11:53:03,NO TRADE,SIDEWAYS,36.4,22462.25,22450,-,,22462.25,22462.25,33.8,36.4,29.7,31.8,32.6,35.5,36.8,42.1,21.1,0.89,-0.077
2026-03-30,11:54:02,NO TRADE,SIDEWAYS,38.7,22460.3,22450,-,,22460.30078125,22460.30078125,33.1,38.7,28.2,31.3,36.2,32.5,35.8,42.5,21.8,0.89,-0.089
2026-03-30,11:55:00,BUY CE,UP,43.9,22478.65,22550,CE,41.0,22551.0,22443.0,22.2,33.9,43.9,17.0,31.7,51.3,30.1,37.3,32.6,0.89,-0.032
2026-03-30,11:56:00,BUY CE,UP,42.5,22485.4,22550,CE,42.85,22557.0,22449.0,27.0,30.5,42.5,21.8,25.7,52.5,34.7,37.7,27.6,0.88,-0.02
2026-03-30,11:57:00,BUY CE,UP,44.3,22471.3,22500,CE,61.7,22541.0,22436.0,33.0,22.7,44.3,26.3,12.3,61.4,43.0,38.2,18.7,0.88,-0.128
2026-03-30,11:58:04,BUY CE,UP,46.4,22475.25,22500,CE,61.7,22545.0,22440.0,30.8,22.8,46.4,26.7,10.0,63.2,36.8,42.0,21.1,0.88,-0.114
2026-03-30,11:59:01,BUY CE,UP,46.7,22484.5,22500,CE,62.85,22556.0,22449.0,27.8,25.5,46.7,23.9,16.8,59.3,33.8,38.4,27.8,0.87,-0.087
2026-03-30,12:00:11,BUY CE,UP,47.4,22482.75,22500,CE,62.85,22553.0,22448.0,28.6,24.0,47.4,23.4,11.7,64.8,36.4,42.3,21.3,0.87,-0.085
2026-03-30,12:00:59,BUY CE,UP,47.4,22482.6,22500,CE,62.85,22553.0,22448.0,28.6,24.0,47.4,23.4,11.7,64.8,36.3,42.4,21.3,0.87,-0.088
2026-03-30,12:02:03,BUY CE,UP,47.1,22502.3,22500,CE,75.0,22570.0,22468.0,30.0,22.9,47.1,26.5,13.8,59.7,35.1,36.6,28.3,0.87,-0.062
2026-03-30,12:03:02,BUY CE,UP,37.4,22530.05,22600,CE,36.95,22601.0,22495.0,27.3,35.3,37.4,22.4,35.5,42.1,34.6,35.0,30.4,0.87,-0.008
2026-03-30,12:04:02,NO TRADE,SIDEWAYS,43.1,22547.8,22550,-,,22547.80078125,22547.80078125,30.4,43.1,26.4,26.3,48.9,24.8,36.7,34.4,28.8,0.87,0.036
2026-03-30,12:05:00,NO TRADE,SIDEWAYS,41.5,22548.55,22550,-,,22548.55078125,22548.55078125,33.9,41.5,24.7,32.7,41.2,26.1,35.7,41.8,22.5,0.87,0.053
2026-03-30,12:06:01,BUY CE,UP,44.3,22569.85,22600,CE,56.75,22646.0,22532.0,24.7,31.0,44.3,17.2,28.5,54.3,35.8,34.9,29.3,0.87,0.106
2026-03-30,12:07:01,BUY PE,DOWN,35.4,22562.5,22500,PE,60.25,22488.0,22600.0,35.4,32.0,32.6,32.5,26.2,41.3,39.8,40.8,19.4,0.87,0.205
2026-03-30,12:08:05,NO TRADE,DOWN,34.0,22563.6,22550,-,,22563.599609375,22563.599609375,34.0,33.6,32.4,32.7,26.9,40.5,36.0,43.6,20.4,0.93,0.218
2026-03-30,12:08:59,BUY PE,DOWN,38.9,22548.4,22500,PE,50.8,22472.0,22586.0,38.9,33.9,27.1,36.1,30.8,33.0,43.1,38.6,18.3,0.93,0.179
2026-03-30,12:10:01,NO TRADE,SIDEWAYS,36.4,22559.25,22550,-,,22559.25,22559.25,27.9,36.4,35.6,25.5,32.7,41.8,31.6,42.0,26.3,0.93,0.194
2026-03-30,12:10:59,NO TRADE,SIDEWAYS,34.2,22558.55,22550,-,,22558.55078125,22558.55078125,32.6,34.2,33.2,30.4,27.7,41.9,36.0,43.9,20.0,0.98,0.191
2026-03-30,12:12:01,BUY CE,UP,44.7,22569.65,22600,CE,60.3,22643.0,22533.0,27.6,27.7,44.7,23.2,19.3,57.5,34.0,40.4,25.5,0.98,0.285
2026-03-30,12:13:00,BUY CE,UP,41.3,22577.95,22650,CE,43.45,22652.0,22541.0,27.3,31.5,41.3,22.4,25.6,52.0,34.5,40.3,25.2,0.98,0.302
2026-03-30,12:14:05,NO TRADE,DOWN,34.4,22561.9,22550,-,,22561.900390625,22561.900390625,34.4,32.5,33.2,27.6,29.0,43.4,44.5,37.7,17.8,0.98,0.267
2026-03-30,12:15:01,BUY CE,UP,35.7,22567.1,22600,CE,70.45,22641.0,22530.0,31.9,32.5,35.7,30.0,25.3,44.8,34.7,43.3,22.0,0.98,0.28
2026-03-30,12:16:01,NO TRADE,SIDEWAYS,39.3,22555.8,22550,-,,22555.80078125,22555.80078125,33.5,39.3,27.2,31.4,36.0,32.6,36.7,44.3,19.0,0.98,0.245
2026-03-30,12:16:58,NO TRADE,SIDEWAYS,34.3,22566.15,22550,-,,22566.150390625,22566.150390625,34.2,34.3,31.5,36.0,27.8,36.3,31.5,44.1,24.5,0.99,0.223
